signal_date,scan_time,rank,code,name,scan_price,scan_change_pct,scan_volume_ratio,scan_turnover_rate,scan_amplitude,scan_vol_vs_ma5,scan_ma5_dev,rule_score,rule_score_pct,adaptive_score,final_score,status,settle_time,same_day_close,same_day_return_pct,hit_limit_up,next_exit_price,next_return_pct,success,data_source,market_captured_at,enrich_score,enrich_notes
2026-04-28,2026-04-28 14:04:36,1,603221,爱丽家居,12.33,3.7,0.0,0.0,0.0,2.0,2.54,67,63,,67.0,settled,2026-04-29 13:38:23,,,0.0,12.28,-0.4055150040551569,0.0,,,,
2026-04-28,2026-04-28 14:04:36,2,603798,康普顿,19.0,4.28,0.0,0.0,0.0,1.62,3.33,63,60,,63.0,settled,2026-04-29 13:38:23,,,0.0,19.07,0.3684210526315734,0.0,,,,
2026-04-28,2026-04-28 14:04:36,3,002833,弘亚数控,20.24,4.65,0.0,0.0,0.0,1.68,4.31,63,60,,63.0,settled,2026-04-29 13:38:23,,,0.0,20.25,0.0494071146245111,0.0,,,,
2026-04-28,2026-04-28 14:04:36,4,603170,宝立食品,13.87,2.36,0.0,0.0,0.0,3.32,1.93,61,58,,61.0,settled,2026-04-29 13:38:23,,,0.0,13.85,-0.1441961067051189,0.0,,,,
2026-04-28,2026-04-28 14:04:36,5,002963,豪尔赛,16.74,6.15,0.0,0.0,0.0,1.67,4.11,61,58,,61.0,settled,2026-04-29 13:38:23,,,0.0,16.77,0.1792114695340574,0.0,,,,
2026-04-28,2026-04-28 14:04:36,6,600830,香溢融通,10.07,5.56,0.0,0.0,0.0,4.65,10.12,60,57,,60.0,settled,2026-04-29 13:38:23,10.08,0.0993048659384321,0.0,10.06,-0.0993048659384321,0.0,,,,
2026-04-28,2026-04-28 14:04:36,7,603125,常青科技,22.56,5.03,0.0,0.0,0.0,4.01,11.83,60,57,,60.0,settled,2026-04-29 13:38:23,22.54,-0.0886524822695022,0.0,22.45,-0.4875886524822626,0.0,,,,
2026-04-28,2026-04-28 14:04:36,8,000809,和展能源,3.84,3.78,0.0,0.0,0.0,2.34,2.89,60,57,,60.0,settled,2026-04-29 13:38:23,,,0.0,3.85,0.260416666666674,0.0,,,,
2026-04-28,2026-04-28 14:04:36,9,605118,力鼎光电,48.5,2.41,0.0,0.0,0.0,2.12,5.72,60,57,,60.0,settled,2026-04-29 13:38:23,48.49,-0.0206185567010241,0.0,49.11,1.2577319587628866,1.0,,,,
2026-04-28,2026-04-28 14:04:36,10,002092,中泰化学,6.98,3.71,0.0,0.0,0.0,1.7,5.85,58,55,,58.0,settled,2026-04-29 13:38:23,,,0.0,6.99,0.1432664756446877,0.0,,,,
2026-04-28,2026-04-28 14:04:36,11,001259,利仁科技,33.29,2.75,0.0,0.0,0.0,2.18,1.77,58,55,,58.0,settled,2026-04-29 13:38:23,,,0.0,33.39,0.3003905076599533,0.0,,,,
2026-04-28,2026-04-28 14:04:36,12,603682,锦和商管,8.34,6.24,0.0,0.0,0.0,2.8,7.71,57,54,,57.0,settled,2026-04-29 13:38:23,,,0.0,8.33,-0.1199040767386083,0.0,,,,
2026-04-28,2026-04-28 14:04:36,13,600535,天士力,15.09,0.73,0.0,0.0,0.0,3.71,4.09,57,54,,57.0,settled,2026-04-29 13:38:23,,,0.0,15.1,0.0662690523525411,0.0,,,,
2026-04-28,2026-04-28 14:04:36,14,605089,味知香,28.87,1.73,0.0,0.0,0.0,3.5,3.5,57,54,,57.0,settled,2026-04-29 13:38:23,,,0.0,29.25,1.3162452372705191,1.0,,,,
2026-04-28,2026-04-28 14:04:36,15,002216,三全食品,14.62,1.32,0.0,0.0,0.0,3.13,6.54,57,54,,57.0,settled,2026-04-29 13:38:23,,,0.0,14.64,0.1367989056087593,0.0,,,,
2026-04-28,2026-04-28 14:04:36,16,603353,和顺石油,39.74,6.23,0.0,0.0,0.0,1.53,1.37,56,53,,56.0,settled,2026-04-29 13:38:23,,,0.0,39.78,0.1006542526421627,0.0,,,,
2026-04-28,2026-04-28 14:04:36,17,000523,红棉股份,3.38,3.68,0.0,0.0,0.0,1.87,0.87,56,53,,56.0,settled,2026-04-29 13:38:23,,,0.0,3.41,0.887573964497057,0.0,,,,
2026-04-28,2026-04-28 14:04:36,18,605266,健之佳,19.79,3.56,0.0,0.0,0.0,1.81,1.28,56,53,,56.0,settled,2026-04-29 13:38:23,,,0.0,19.89,0.5053057099545288,0.0,,,,
2026-04-28,2026-04-28 14:04:36,19,601918,新集能源,8.67,2.73,0.0,0.0,0.0,1.62,5.18,56,53,,56.0,settled,2026-04-29 13:38:23,,,0.0,8.73,0.6920415224913601,0.0,,,,
2026-04-28,2026-04-28 14:04:36,20,605268,王力安防,14.05,5.24,0.0,0.0,0.0,1.5,2.14,55,52,,55.0,settled,2026-04-29 13:38:23,,,0.0,14.04,-0.0711743772242146,0.0,,,,
2026-04-28,2026-04-28 14:14:34,17,603320,迪贝电气,25.23,2.64,0.0,0.0,0.0,1.54,3.43,56,53,,56.0,settled,2026-04-29 13:38:23,,,0.0,24.92,-1.2286959968291655,0.0,新浪,2026-04-28 14:14:28,,
2026-04-28,2026-04-28 14:14:34,20,000066,中国长城,17.79,6.08,0.0,0.0,0.0,1.42,4.25,55,52,,55.0,settled,2026-04-29 13:38:23,,,0.0,17.74,-0.2810567734682467,0.0,新浪,2026-04-28 14:14:28,,
2026-04-28,2026-04-28 14:25:26,7,603110,东方材料,21.01,6.87,0.0,0.0,0.0,3.64,11.02,60,57,,74.0,settled,2026-04-29 13:38:23,21.13,0.571156592098987,0.0,21.01,0.0,0.0,新浪,2026-04-28 14:23:18,14.0,同花顺量价齐升、同花顺突破5日线、腾讯尾段成交放大
2026-04-28,2026-04-28 14:25:26,9,002774,快意电梯,12.66,3.52,0.0,0.0,0.0,1.33,4.09,55,52,,71.0,settled,2026-04-29 13:38:23,,,0.0,12.66,0.0,0.0,新浪,2026-04-28 14:23:18,16.0,同花顺量价齐升、同花顺突破5日线、腾讯买盘占优63%
2026-04-28,2026-04-28 14:25:26,16,601699,潞安环能,15.87,6.15,0.0,0.0,0.0,1.22,4.62,55,52,,68.0,settled,2026-04-29 13:38:23,,,0.0,15.87,0.0,0.0,新浪,2026-04-28 14:23:18,13.0,同花顺量价齐升、同花顺连续上涨、同花顺突破5日线
2026-04-28,2026-04-28 14:25:26,18,601218,吉鑫科技,6.75,4.01,0.0,0.0,0.0,1.4,2.89,55,52,,68.0,settled,2026-04-29 13:38:23,,,0.0,6.75,0.0,0.0,新浪,2026-04-28 14:23:18,13.0,同花顺量价齐升、同花顺连续上涨、同花顺突破5日线
2026-04-29,2026-04-29 13:38:27,1,605118,力鼎光电,49.11,3.69,0.0,0.0,0.0,2.12,5.72,67,63,,67.0,settled,2026-04-30 12:29:22,,,0.0,49.28,0.3461616778660081,0.0,新浪,2026-04-28 14:23:18,0.0,
2026-04-29,2026-04-29 13:38:27,2,002833,弘亚数控,20.25,4.71,0.0,0.0,0.0,1.68,4.31,63,60,,63.0,settled,2026-04-30 12:29:22,,,0.0,20.46,1.0370370370370363,1.0,新浪,2026-04-28 14:23:18,0.0,
2026-04-29,2026-04-29 13:38:27,3,605089,味知香,29.25,3.07,0.0,0.0,0.0,3.5,3.5,63,60,,63.0,settled,2026-04-30 12:29:22,,,0.0,27.54,-5.846153846153845,0.0,新浪,2026-04-28 14:23:18,0.0,
2026-04-29,2026-04-29 13:38:27,4,603798,康普顿,19.07,4.67,0.0,0.0,0.0,1.62,3.33,63,60,,63.0,settled,2026-04-30 12:29:22,,,0.0,18.94,-0.6816990036706772,0.0,新浪,2026-04-28 14:23:18,0.0,
2026-04-29,2026-04-29 13:38:27,5,603170,宝立食品,13.85,2.21,0.0,0.0,0.0,3.32,1.93,61,58,,61.0,settled,2026-04-30 12:29:22,,,0.0,13.97,0.8664259927797957,0.0,新浪,2026-04-28 14:23:18,0.0,
2026-04-29,2026-04-29 13:38:27,6,002963,豪尔赛,16.77,6.34,0.0,0.0,0.0,1.67,4.11,61,58,,61.0,settled,2026-04-30 12:29:22,,,0.0,17.41,3.816338700059641,1.0,新浪,2026-04-28 14:23:18,0.0,
2026-04-29,2026-04-29 13:38:27,7,603110,东方材料,21.01,6.87,0.0,0.0,0.0,3.64,11.02,60,57,,60.0,settled,2026-04-30 12:29:22,,,0.0,21.61,2.855782960495002,1.0,新浪,2026-04-28 14:23:18,0.0,
2026-04-29,2026-04-29 13:38:27,8,600830,香溢融通,10.06,5.45,0.0,0.0,0.0,4.65,10.12,60,57,,60.0,settled,2026-04-30 12:29:22,,,0.0,10.14,0.7952286282306265,0.0,新浪,2026-04-28 14:23:18,0.0,
2026-04-29,2026-04-29 13:38:27,9,603125,常青科技,22.45,4.52,0.0,0.0,0.0,4.01,11.83,60,57,,60.0,settled,2026-04-30 12:29:22,,,0.0,22.66,0.935412026726068,0.0,新浪,2026-04-28 14:23:18,0.0,
2026-04-29,2026-04-29 13:38:27,10,603221,爱丽家居,12.28,3.28,0.0,0.0,0.0,2.0,2.54,60,57,,60.0,settled,2026-04-30 12:29:22,,,0.0,12.18,-0.8143322475570036,0.0,新浪,2026-04-28 14:23:18,0.0,
2026-04-29,2026-04-29 13:38:27,11,000809,和展能源,3.85,4.05,0.0,0.0,0.0,2.34,2.89,60,57,,60.0,settled,2026-04-30 12:29:22,,,0.0,3.8,-1.2987012987013102,0.0,新浪,2026-04-28 14:23:18,0.0,
2026-04-29,2026-04-29 13:38:27,12,001259,利仁科技,33.39,3.06,0.0,0.0,0.0,2.18,1.77,58,55,,58.0,settled,2026-04-30 12:29:22,,,0.0,34.04,1.9466906259359096,1.0,新浪,2026-04-28 14:23:18,0.0,
2026-04-29,2026-04-29 13:38:27,13,002092,中泰化学,6.99,3.86,0.0,0.0,0.0,1.7,5.85,58,55,,58.0,settled,2026-04-30 12:29:22,,,0.0,6.93,-0.8583690987124526,0.0,新浪,2026-04-28 14:23:18,0.0,
2026-04-29,2026-04-29 13:38:27,14,002216,三全食品,14.64,1.46,0.0,0.0,0.0,3.13,6.54,57,54,,57.0,settled,2026-04-30 12:29:22,,,0.0,14.58,-0.4098360655737765,0.0,新浪,2026-04-28 14:23:18,0.0,
2026-04-29,2026-04-29 13:38:27,15,603682,锦和商管,8.33,6.12,0.0,0.0,0.0,2.8,7.71,57,54,,57.0,settled,2026-04-30 12:29:22,,,0.0,8.47,1.6806722689075793,1.0,新浪,2026-04-28 14:23:18,0.0,
2026-04-29,2026-04-29 13:38:27,16,605266,健之佳,19.89,4.08,0.0,0.0,0.0,1.81,1.28,56,53,,56.0,settled,2026-04-30 12:29:22,,,0.0,19.84,-0.2513826043237799,0.0,新浪,2026-04-28 14:23:18,0.0,
2026-04-29,2026-04-29 13:38:27,17,603353,和顺石油,39.78,6.33,0.0,0.0,0.0,1.53,1.37,56,53,,56.0,settled,2026-04-30 12:29:22,,,0.0,43.82,10.155857214680752,1.0,新浪,2026-04-28 14:23:18,0.0,
2026-04-29,2026-04-29 13:38:27,18,601918,新集能源,8.73,3.44,0.0,0.0,0.0,1.62,5.18,56,53,,56.0,settled,2026-04-30 12:29:22,,,0.0,9.0,3.092783505154628,1.0,新浪,2026-04-28 14:23:18,0.0,
2026-04-29,2026-04-29 13:38:27,19,000523,红棉股份,3.41,4.6,0.0,0.0,0.0,1.87,0.87,56,53,,56.0,settled,2026-04-30 12:29:22,,,0.0,3.43,0.5865102639296182,0.0,新浪,2026-04-28 14:23:18,0.0,
2026-04-29,2026-04-29 13:38:27,20,002774,快意电梯,12.66,3.52,0.0,0.0,0.0,1.33,4.09,55,52,,55.0,settled,2026-04-30 12:29:22,,,0.0,12.0,-5.213270142180093,0.0,新浪,2026-04-28 14:23:18,0.0,
2026-04-29,2026-04-29 13:44:24,1,002266,浙富控股,4.98,4.62,0.0,0.0,0.0,2.95,4.68,67,63,,78.0,settled,2026-04-30 12:29:22,,,0.0,5.04,1.2048192771084263,1.0,新浪,2026-04-29 13:42:16,11.0,同花顺突破5日线、腾讯买盘偏强57%、腾讯尾段成交放大
2026-04-29,2026-04-29 13:44:24,2,002340,格林美,9.38,5.04,0.0,0.0,0.0,2.16,4.4,67,63,,78.0,settled,2026-04-30 12:29:22,,,0.0,9.64,2.771855010660973,1.0,新浪,2026-04-29 13:42:16,11.0,同花顺连续上涨、同花顺突破5日线、腾讯尾段成交放大
2026-04-29,2026-04-29 13:44:24,3,003026,中晶科技,47.79,5.54,0.0,0.0,0.0,1.8,5.97,63,60,,76.0,settled,2026-04-30 12:29:22,,,0.0,47.42,-0.7742205482318409,0.0,新浪,2026-04-29 13:42:16,13.0,同花顺量价齐升、同花顺连续上涨、同花顺突破5日线
2026-04-29,2026-04-29 13:44:24,4,002795,永和智控,9.05,4.02,0.0,0.0,0.0,2.86,6.59,67,63,,75.0,settled,2026-04-30 12:29:22,,,0.0,9.01,-0.4419889502762508,0.0,新浪,2026-04-29 13:42:16,8.0,同花顺突破5日线、腾讯尾段成交放大
2026-04-29,2026-04-29 13:44:24,5,002407,多氟多,35.98,6.58,0.0,0.0,0.0,1.56,6.9,63,60,,73.0,settled,2026-04-30 12:29:22,,,0.0,35.87,-0.3057254030016665,0.0,新浪,2026-04-29 13:42:16,10.0,同花顺突破5日线、腾讯买盘占优65%
2026-04-29,2026-04-29 13:44:24,6,600884,杉杉股份,16.37,3.87,0.0,0.0,0.0,1.53,4.9,63,60,,73.0,settled,2026-04-30 12:29:22,,,0.0,16.9,3.237629810629183,1.0,新浪,2026-04-29 13:42:16,10.0,同花顺突破5日线、腾讯买盘占优65%
2026-04-29,2026-04-29 13:44:24,7,002591,恒大高新,7.62,4.1,0.0,0.0,0.0,1.52,2.86,58,55,,71.0,settled,2026-04-30 12:29:22,,,0.0,7.6,-0.2624671916010568,0.0,新浪,2026-04-29 13:42:16,13.0,同花顺量价齐升、同花顺连续上涨、同花顺突破5日线
2026-04-29,2026-04-29 13:44:24,8,600323,瀚蓝环境,32.58,3.99,0.0,0.0,0.0,1.79,4.2,58,55,,71.0,settled,2026-04-30 12:29:22,,,0.0,32.47,-0.3376304481276793,0.0,新浪,2026-04-29 13:42:16,13.0,同花顺连续上涨、同花顺突破5日线、腾讯买盘占优63%
2026-04-29,2026-04-29 13:44:24,10,605589,圣泉集团,39.8,5.15,0.0,0.0,0.0,2.05,4.09,67,63,,70.0,settled,2026-04-30 12:29:22,,,0.0,40.81,2.5376884422110724,1.0,新浪,2026-04-29 13:42:16,3.0,腾讯买盘偏强61%
2026-04-29,2026-04-29 13:44:24,11,603045,福达合金,41.85,4.39,0.0,0.0,0.0,1.52,6.67,63,60,,70.0,settled,2026-04-30 12:29:22,,,0.0,42.44,1.409796893667847,1.0,新浪,2026-04-29 13:42:16,7.0,同花顺突破5日线、腾讯买盘偏强57%
2026-04-29,2026-04-29 13:44:24,12,000782,恒申新材,7.15,4.23,0.0,0.0,0.0,3.14,7.35,65,61,,69.0,settled,2026-04-30 12:29:22,,,0.0,7.1,-0.6993006993007089,0.0,新浪,2026-04-29 13:42:16,4.0,同花顺突破5日线
2026-04-29,2026-04-29 13:44:24,13,002563,森马服饰,6.08,6.29,0.0,0.0,0.0,2.21,3.89,62,59,,69.0,settled,2026-04-30 12:29:22,,,0.0,6.06,-0.328947368421062,0.0,新浪,2026-04-29 13:42:16,7.0,同花顺连续上涨、同花顺突破5日线
2026-04-29,2026-04-29 13:44:24,14,000651,格力电器,40.63,5.7,0.0,0.0,0.0,1.74,1.14,56,53,,69.0,settled,2026-04-30 12:29:22,,,0.0,40.47,-0.3937976864386017,0.0,新浪,2026-04-29 13:42:16,13.0,同花顺量价齐升、同花顺连续上涨、同花顺突破5日线
2026-04-29,2026-04-29 13:44:24,15,600540,新赛股份,5.09,4.09,0.0,0.0,0.0,1.63,2.62,63,60,,69.0,settled,2026-04-30 12:29:22,,,0.0,5.07,-0.3929273084479323,0.0,新浪,2026-04-29 13:42:16,6.0,腾讯买盘占优76%
2026-04-29,2026-04-29 13:44:24,16,603488,展鹏科技,11.37,3.74,0.0,0.0,0.0,2.22,2.89,65,61,,68.0,settled,2026-04-30 12:29:22,,,0.0,11.4,0.2638522427440781,0.0,新浪,2026-04-29 13:42:16,3.0,腾讯买盘偏强57%
2026-04-29,2026-04-29 13:44:24,17,000636,风华高科,25.35,3.72,0.0,0.0,0.0,1.37,3.19,55,52,,68.0,settled,2026-04-30 12:29:22,,,0.0,25.28,-0.2761341222879743,0.0,新浪,2026-04-29 13:42:16,13.0,同花顺量价齐升、同花顺连续上涨、同花顺突破5日线
2026-04-29,2026-04-29 13:44:24,18,000589,贵州轮胎,5.1,7.82,0.0,0.0,0.0,3.4,3.55,60,57,,68.0,settled,2026-04-30 12:29:22,,,0.0,5.1,0.0,0.0,新浪,2026-04-29 13:42:16,8.0,同花顺突破5日线、腾讯尾段成交放大
2026-04-29,2026-04-29 13:44:24,19,603029,天鹅股份,19.76,2.97,0.0,0.0,0.0,1.6,1.96,54,51,,67.0,settled,2026-04-30 12:29:22,,,0.0,19.62,-0.7085020242915019,0.0,新浪,2026-04-29 13:42:16,13.0,同花顺量价齐升、同花顺连续上涨、同花顺突破5日线
2026-04-29,2026-04-29 13:44:24,20,603156,养元饮品,35.63,4.12,0.0,0.0,0.0,1.76,3.35,63,60,,67.0,settled,2026-04-30 12:29:22,,,0.0,35.84,0.5893909626718985,0.0,新浪,2026-04-29 13:42:16,4.0,同花顺突破5日线
2026-04-29,2026-04-29 14:14:56,5,000546,金圆股份,7.39,3.94,0.0,0.0,0.0,1.67,5.6,63,60,,73.0,settled,2026-04-30 12:29:22,,,0.0,7.37,-0.270635994587276,0.0,新浪,2026-04-29 14:12:47,10.0,同花顺突破5日线、腾讯买盘占优72%
2026-04-29,2026-04-29 14:14:56,10,002798,帝欧水华,7.91,4.22,0.0,0.0,0.0,1.86,5.17,63,60,,70.0,settled,2026-04-30 12:29:22,,,0.0,7.89,-0.2528445006321211,0.0,新浪,2026-04-29 14:12:47,7.0,同花顺连续上涨、同花顺突破5日线
2026-04-29,2026-04-29 23:58:31,1,600099,林海股份,11.52,3.5,0.0,0.0,0.0,2.7,0.35,65,61,,85.0,settled,2026-04-30 12:29:22,,,0.0,11.52,0.0,0.0,新浪,2026-04-29 23:46:02,20.0,同花顺量价齐升、同花顺突破5日线、腾讯买盘占优63%、腾讯尾段成交放大
2026-04-29,2026-04-29 23:58:31,13,603136,天目湖,11.16,3.52,0.0,0.0,0.0,2.92,4.7,62,59,,76.0,settled,2026-04-30 12:29:22,,,0.0,11.16,0.0,0.0,新浪,2026-04-29 23:46:02,14.0,同花顺量价齐升、同花顺突破5日线、腾讯尾段成交放大
2026-04-29,2026-04-29 23:58:31,15,002442,龙星科技,6.37,4.6,0.0,0.0,0.0,3.69,5.62,65,61,,75.0,settled,2026-04-30 12:29:22,,,0.0,6.37,0.0,0.0,新浪,2026-04-29 23:46:02,10.0,同花顺量价齐升、同花顺突破5日线
2026-04-29,2026-04-29 23:58:31,18,002248,华东数控,12.92,3.61,0.0,0.0,0.0,2.7,3.32,60,57,,74.0,settled,2026-04-30 12:29:22,,,0.0,12.92,0.0,0.0,新浪,2026-04-29 23:46:02,14.0,同花顺量价齐升、同花顺突破5日线、腾讯尾段成交放大
2026-04-30,2026-04-30 12:52:29,1,002795,永和智控,9.01,3.56,0.0,0.0,0.0,2.86,6.59,67,63,104.31818181818184,76.32954545454545,settled,2026-05-10 02:49:53,,,0.0,9.7,7.658157602663707,1.0,新浪,2026-04-29 23:46:02,0.0,
2026-04-30,2026-04-30 12:52:29,2,002266,浙富控股,5.04,5.88,0.0,0.0,0.0,2.95,4.68,67,63,103.86363636363636,76.2159090909091,settled,2026-05-10 02:49:53,,,0.0,5.65,12.103174603174605,1.0,新浪,2026-04-29 23:46:02,0.0,
2026-04-30,2026-04-30 12:52:29,3,603488,展鹏科技,11.4,4.01,0.0,0.0,0.0,2.22,2.89,65,61,102.27272727272728,74.31818181818181,settled,2026-05-10 02:49:53,,,0.0,13.14,15.263157894736846,1.0,新浪,2026-04-29 23:46:02,0.0,
2026-04-30,2026-04-30 12:52:29,4,002442,龙星科技,6.37,4.6,0.0,0.0,0.0,3.69,5.62,65,61,101.36363636363636,74.0909090909091,settled,2026-05-10 02:49:53,,,0.0,6.37,0.0,0.0,新浪,2026-04-29 23:46:02,0.0,
2026-04-30,2026-04-30 12:52:29,5,002407,多氟多,35.87,6.25,0.0,0.0,0.0,1.56,6.9,63,60,105.0,73.5,settled,2026-05-10 02:49:53,,,0.0,34.99,-2.453303596320034,0.0,新浪,2026-04-29 23:46:02,0.0,
2026-04-30,2026-04-30 12:52:29,6,603045,福达合金,42.44,5.86,0.0,0.0,0.0,1.52,6.67,63,60,104.77272727272728,73.44318181818181,settled,2026-05-10 02:49:53,,,0.0,62.14,46.41847313854854,1.0,新浪,2026-04-29 23:46:02,0.0,
2026-04-30,2026-04-30 12:52:29,7,600099,林海股份,11.52,3.5,0.0,0.0,0.0,2.7,0.35,65,61,98.63636363636364,73.4090909090909,settled,2026-05-10 02:49:53,,,0.0,11.84,2.77777777777779,1.0,新浪,2026-04-29 23:46:02,0.0,
2026-04-30,2026-04-30 12:52:29,8,003026,中晶科技,47.42,4.73,0.0,0.0,0.0,1.8,5.97,63,60,104.54545454545456,73.38636363636364,settled,2026-05-10 02:49:53,,,0.0,47.2,-0.4639392661324293,0.0,新浪,2026-04-29 23:46:02,0.0,
2026-04-30,2026-04-30 12:52:29,9,000546,金圆股份,7.37,3.66,0.0,0.0,0.0,1.67,5.6,63,60,104.0909090909091,73.27272727272728,settled,2026-05-10 02:49:53,,,0.0,7.83,6.241519674355489,1.0,新浪,2026-04-29 23:46:02,0.0,
2026-04-30,2026-04-30 12:52:29,10,002798,帝欧水华,7.89,3.95,0.0,0.0,0.0,1.86,5.17,63,60,103.1818181818182,73.04545454545455,settled,2026-05-10 02:49:53,,,0.0,8.44,6.970849176172367,1.0,新浪,2026-04-29 23:46:02,0.0,
2026-04-30,2026-04-30 12:52:29,11,603156,养元饮品,35.84,4.73,0.0,0.0,0.0,1.76,3.35,63,60,102.72727272727272,72.93181818181819,settled,2026-05-10 02:49:53,,,0.0,40.78,13.78348214285714,1.0,新浪,2026-04-29 23:46:02,0.0,
2026-04-30,2026-04-30 12:52:29,12,600540,新赛股份,5.07,3.68,0.0,0.0,0.0,1.63,2.62,63,60,102.04545454545456,72.76136363636364,settled,2026-05-10 02:49:53,,,0.0,5.59,10.25641025641024,1.0,新浪,2026-04-29 23:46:02,0.0,
2026-04-30,2026-04-30 12:52:29,13,002340,格林美,9.64,7.95,0.0,0.0,0.0,2.16,4.4,62,59,103.63636363636364,72.4090909090909,settled,2026-05-10 02:49:53,,,0.0,9.25,-4.045643153526979,0.0,新浪,2026-04-29 23:46:02,0.0,
2026-04-30,2026-04-30 12:52:29,14,605589,圣泉集团,40.81,7.82,0.0,0.0,0.0,2.05,4.09,62,59,103.4090909090909,72.35227272727272,settled,2026-05-10 02:49:53,,,0.0,39.66,-2.817936780200947,0.0,新浪,2026-04-29 23:46:02,0.0,
2026-04-30,2026-04-30 12:52:29,15,002563,森马服饰,6.06,5.94,0.0,0.0,0.0,2.21,3.89,62,59,102.5,72.125,settled,2026-05-10 02:49:53,,,0.0,6.08,0.3300330033003451,0.0,新浪,2026-04-29 23:46:02,0.0,
2026-04-30,2026-04-30 12:52:29,16,603136,天目湖,11.16,3.52,0.0,0.0,0.0,2.92,4.7,62,59,100.45454545454544,71.61363636363636,settled,2026-05-10 02:49:53,,,0.0,10.56,-5.376344086021501,0.0,新浪,2026-04-29 23:46:02,0.0,
2026-04-30,2026-04-30 12:52:29,17,002963,豪尔赛,17.41,3.75,0.0,0.0,0.0,1.67,4.11,61,58,101.81818181818184,71.20454545454545,settled,2026-05-10 02:49:53,,,0.0,17.76,2.010338885697882,1.0,新浪,2026-04-29 23:46:02,0.0,
2026-04-30,2026-04-30 12:52:29,18,000589,贵州轮胎,5.1,7.82,0.0,0.0,0.0,3.4,3.55,60,57,99.54545454545456,69.88636363636364,settled,2026-05-10 02:49:53,,,0.0,5.03,-1.3725490196078272,0.0,新浪,2026-04-29 23:46:02,0.0,
2026-04-30,2026-04-30 12:52:29,19,002248,华东数控,12.92,3.61,0.0,0.0,0.0,2.7,3.32,60,57,98.4090909090909,69.60227272727272,settled,2026-05-10 02:49:53,,,0.0,13.56,4.953560371517041,1.0,新浪,2026-04-29 23:46:02,0.0,
2026-04-30,2026-04-30 12:52:29,20,600884,杉杉股份,16.9,7.23,0.0,0.0,0.0,1.53,4.9,58,55,102.95454545454544,69.23863636363636,settled,2026-05-10 02:49:53,,,0.0,16.69,-1.24260355029584,0.0,新浪,2026-04-29 23:46:02,0.0,
2026-04-30,2026-04-30 20:21:34,1,605151,西上海,21.76,3.97,0.0,0.0,0.0,4.08,3.52,68,64,102.48,93.62,settled,2026-05-10 02:49:53,,,0.0,22.82,4.871323529411753,1.0,新浪,2026-04-30 20:18:22,17.0,同花顺量价齐升、同花顺连续上涨、同花顺突破5日线、腾讯尾段成交放大
2026-04-30,2026-04-30 20:21:34,2,000782,恒申新材,7.38,3.94,0.0,0.0,0.0,3.14,7.35,65,61,104.16,91.79,settled,2026-05-10 02:49:53,,,0.0,8.23,11.517615176151777,1.0,新浪,2026-04-30 20:18:22,17.0,同花顺连续上涨、同花顺突破5日线、腾讯买盘占优72%、腾讯尾段成交放大
2026-04-30,2026-04-30 20:21:34,3,601333,广深铁路,3.22,5.23,0.0,0.0,0.0,4.24,5.02,65,61,102.06,91.265,settled,2026-05-10 02:49:53,3.22,0.0,0.0,3.17,-1.552795031055909,0.0,新浪,2026-04-30 20:18:22,17.0,同花顺量价齐升、同花顺连续上涨、同花顺突破5日线、腾讯尾段成交放大
2026-04-30,2026-04-30 20:21:34,4,002737,葵花药业,13.88,5.95,0.0,0.0,0.0,2.57,1.85,60,57,100.8,90.2,settled,2026-05-10 02:49:53,,,0.0,13.58,-2.1613832853025983,0.0,新浪,2026-04-30 20:18:22,20.0,同花顺量价齐升、同花顺连续上涨、同花顺突破5日线、腾讯买盘占优62%、腾讯尾段成交放大
2026-04-30,2026-04-30 20:21:34,5,002721,金一文化,3.07,4.42,0.0,0.0,0.0,2.85,5.5,62,59,103.11,89.2775,settled,2026-05-10 02:49:53,3.07,0.0,0.0,3.1,0.9771986970684045,0.0,新浪,2026-04-30 20:18:22,17.0,同花顺量价齐升、同花顺连续上涨、同花顺突破5日线、腾讯尾段成交放大
2026-04-30,2026-04-30 20:21:34,9,605358,立昂微,41.06,5.23,0.0,0.0,0.0,1.66,3.43,63,60,104.58,87.395,settled,2026-05-10 02:49:53,,,0.0,49.98,21.724305893813913,1.0,新浪,2026-04-30 20:18:22,14.0,同花顺量价齐升、同花顺突破5日线、腾讯尾段成交放大
2026-04-30,2026-04-30 20:21:34,11,600460,士兰微,28.9,3.81,0.0,0.0,0.0,1.97,4.21,63,60,103.74,87.185,settled,2026-05-10 02:49:53,,,0.0,29.49,2.041522491349479,1.0,新浪,2026-04-30 20:18:22,14.0,同花顺量价齐升、同花顺突破5日线、腾讯尾段成交放大
2026-04-30,2026-04-30 20:21:34,12,002695,煌上煌,12.49,3.48,0.0,0.0,0.0,2.13,3.6,60,57,101.85,86.4625,settled,2026-05-10 02:49:53,,,0.0,13.06,4.563650920736584,1.0,新浪,2026-04-30 20:18:22,16.0,同花顺量价齐升、同花顺连续上涨、同花顺突破5日线、腾讯买盘偏强55%
2026-04-30,2026-04-30 20:21:34,13,600429,三元股份,6.09,4.46,0.0,0.0,0.0,2.8,4.74,62,59,102.9,86.225,settled,2026-05-10 02:49:53,,,0.0,5.85,-3.940886699507395,0.0,新浪,2026-04-30 20:18:22,14.0,同花顺量价齐升、同花顺突破5日线、腾讯尾段成交放大
2026-04-30,2026-04-30 20:21:34,15,002402,和而泰,31.66,2.1,0.0,0.0,0.0,2.24,2.97,60,57,99.96,82.99,settled,2026-05-10 02:49:53,,,0.0,33.44,5.622236260265301,1.0,新浪,2026-04-30 20:18:22,13.0,同花顺量价齐升、腾讯买盘偏强56%、腾讯尾段成交放大
2026-04-30,2026-04-30 20:21:34,16,603660,苏州科达,12.16,6.48,0.0,0.0,0.0,2.34,6.79,57,54,103.32,82.58,settled,2026-05-10 02:49:53,,,0.0,13.33,9.621710526315796,1.0,新浪,2026-04-30 20:18:22,14.0,同花顺量价齐升、同花顺突破5日线、腾讯尾段成交放大
2026-04-30,2026-04-30 20:21:34,17,603356,华菱精工,19.1,4.2,0.0,0.0,0.0,1.68,3.36,58,55,102.27,82.0675,settled,2026-05-10 02:49:53,,,0.0,19.22,0.6282722513088812,0.0,新浪,2026-04-30 20:18:22,13.0,同花顺量价齐升、同花顺连续上涨、同花顺突破5日线
2026-04-30,2026-04-30 20:21:34,18,605369,拱东医疗,19.7,3.47,0.0,0.0,0.0,2.4,3.79,60,57,101.43,80.3575,settled,2026-05-10 02:49:53,,,0.0,22.5,14.213197969543144,1.0,新浪,2026-04-30 20:18:22,10.0,同花顺量价齐升、同花顺突破5日线
2026-04-30,2026-04-30 20:21:34,19,600351,亚宝药业,7.08,2.31,0.0,0.0,0.0,3.52,3.92,58,55,94.71,80.17750000000001,settled,2026-05-10 02:49:53,,,0.0,7.02,-0.8474576271186529,0.0,新浪,2026-04-30 20:18:22,13.0,同花顺量价齐升、同花顺连续上涨、同花顺突破5日线
2026-04-30,2026-04-30 20:21:34,20,603818,曲美家居,3.7,4.82,0.0,0.0,0.0,1.51,1.82,56,53,100.17,80.0425,settled,2026-05-10 02:49:53,,,0.0,3.82,3.2432432432432323,1.0,新浪,2026-04-30 20:18:22,13.0,同花顺量价齐升、同花顺连续上涨、同花顺突破5日线
2026-05-10,2026-05-10 02:53:01,1,603488,展鹏科技,13.14,5.8,0.0,0.0,0.0,2.22,2.89,65,61,104.55508474576271,94.88877118644068,open,,,,,,,,新浪,2026-05-10 02:49:53,20.0,同花顺量价齐升、同花顺连续上涨、同花顺突破5日线、腾讯买盘偏强60%、腾讯尾段成交放大
2026-05-10,2026-05-10 02:53:01,2,603194,中力股份,37.15,4.94,0.0,0.0,0.0,3.23,4.99,65,61,104.33262711864407,94.83315677966101,open,,,,,,,,新浪,2026-05-10 02:49:53,20.0,同花顺量价齐升、同花顺连续上涨、同花顺突破5日线、腾讯买盘偏强56%、腾讯尾段成交放大
2026-05-10,2026-05-10 02:53:01,3,002861,瀛通通讯,17.9,5.42,0.0,0.0,0.0,3.47,4.21,65,61,103.4427966101695,94.61069915254237,open,,,,,,,,新浪,2026-05-10 02:49:53,20.0,同花顺量价齐升、同花顺连续上涨、同花顺突破5日线、腾讯买盘占优65%、腾讯尾段成交放大
2026-05-10,2026-05-10 02:53:01,4,600826,兰生股份,10.1,5.1,0.0,0.0,0.0,5.68,5.6,65,61,97.65889830508475,93.16472457627118,open,,,,,,,,新浪,2026-05-10 02:49:53,20.0,同花顺量价齐升、同花顺突破5日线、腾讯买盘占优68%、腾讯尾段成交放大
2026-05-10,2026-05-10 02:53:01,5,000546,金圆股份,7.83,4.12,0.0,0.0,0.0,1.67,5.6,63,60,104.77754237288136,90.44438559322035,open,,,,,,,,新浪,2026-05-10 02:49:53,17.0,同花顺量价齐升、同花顺突破5日线、腾讯买盘偏强55%、腾讯尾段成交放大
2026-05-10,2026-05-10 02:53:01,6,603239,浙江仙通,25.9,3.81,0.0,0.0,0.0,1.91,3.84,58,55,102.33050847457626,89.08262711864407,open,,,,,,,,新浪,2026-05-10 02:49:53,20.0,同花顺量价齐升、同花顺突破5日线、腾讯买盘占优63%、腾讯尾段成交放大
2026-05-10,2026-05-10 02:53:01,7,002676,顺威股份,8.15,4.35,0.0,0.0,0.0,1.72,3.25,58,55,102.10805084745762,89.0270127118644,open,,,,,,,,新浪,2026-05-10 02:49:53,20.0,同花顺量价齐升、同花顺连续上涨、同花顺突破5日线、腾讯买盘偏强56%、腾讯尾段成交放大
2026-05-10,2026-05-10 02:53:01,8,002976,瑞玛精密,32.7,5.11,0.0,0.0,0.0,1.53,2.26,61,58,103.88771186440678,88.7219279661017,open,,,,,,,,新浪,2026-05-10 02:49:53,17.0,同花顺量价齐升、同花顺连续上涨、同花顺突破5日线、腾讯尾段成交放大
2026-05-10,2026-05-10 02:53:01,9,002429,兆驰股份,12.69,5.05,0.0,0.0,0.0,1.79,-0.32,61,58,103.22033898305085,88.55508474576271,open,,,,,,,,新浪,2026-05-10 02:49:53,17.0,同花顺量价齐升、同花顺连续上涨、同花顺突破5日线、腾讯尾段成交放大
2026-05-10,2026-05-10 02:53:01,10,002855,捷荣技术,12.86,2.72,0.0,0.0,0.0,3.59,6.03,58,55,98.99364406779661,88.24841101694915,open,,,,,,,,新浪,2026-05-10 02:49:53,20.0,同花顺量价齐升、同花顺突破5日线、腾讯买盘占优62%、腾讯尾段成交放大
2026-05-10,2026-05-10 02:53:01,11,001278,一彬科技,23.63,7.95,0.0,0.0,0.0,1.95,2.69,58,55,97.88135593220339,87.97033898305085,open,,,,,,,,新浪,2026-05-10 02:49:53,20.0,同花顺量价齐升、同花顺突破5日线、腾讯买盘占优66%、腾讯尾段成交放大
2026-05-10,2026-05-10 02:53:01,12,605369,拱东医疗,22.5,5.49,0.0,0.0,0.0,2.4,3.79,67,63,105.0,87.5,open,,,,,,,,新浪,2026-05-10 02:49:53,11.0,同花顺连续上涨、同花顺突破5日线、腾讯尾段成交放大
2026-05-10,2026-05-10 02:53:01,13,002615,哈尔斯,8.6,3.87,0.0,0.0,0.0,2.46,4.01,62,59,104.11016949152543,86.52754237288136,open,,,,,,,,新浪,2026-05-10 02:49:53,14.0,同花顺量价齐升、同花顺突破5日线、腾讯尾段成交放大
2026-05-10,2026-05-10 02:53:01,14,002757,南兴股份,29.02,4.24,0.0,0.0,0.0,1.99,3.87,58,55,101.21822033898304,85.80455508474576,open,,,,,,,,新浪,2026-05-10 02:49:53,17.0,同花顺量价齐升、同花顺连续上涨、同花顺突破5日线、腾讯尾段成交放大
2026-05-10,2026-05-10 02:53:01,15,600790,轻纺城,4.94,5.33,0.0,0.0,0.0,1.96,3.95,58,55,100.32838983050847,85.58209745762711,open,,,,,,,,新浪,2026-05-10 02:49:53,17.0,同花顺连续上涨、同花顺突破5日线、腾讯买盘占优76%、腾讯尾段成交放大
2026-05-10,2026-05-10 02:53:01,16,002480,新筑股份,6.71,2.29,0.0,0.0,0.0,2.77,5.98,60,57,103.66525423728814,84.91631355932203,open,,,,,,,,新浪,2026-05-10 02:49:53,14.0,同花顺量价齐升、同花顺突破5日线、腾讯尾段成交放大
2026-05-10,2026-05-10 02:53:01,17,003030,祖名股份,22.87,2.19,0.0,0.0,0.0,2.87,2.47,60,57,102.77542372881355,83.69385593220339,open,,,,,,,,新浪,2026-05-10 02:49:53,13.0,同花顺量价齐升、同花顺连续上涨、同花顺突破5日线
2026-05-10,2026-05-10 02:53:01,18,001259,利仁科技,37.56,3.16,0.0,0.0,0.0,2.18,1.77,58,55,100.77330508474576,82.69332627118644,open,,,,,,,,新浪,2026-05-10 02:49:53,14.0,同花顺连续上涨、同花顺突破5日线、腾讯买盘偏强60%、腾讯尾段成交放大
2026-05-10,2026-05-10 02:53:01,19,002327,富安娜,7.4,2.21,0.0,0.0,0.0,2.94,2.76,60,57,102.5529661016949,80.63824152542372,open,,,,,,,,新浪,2026-05-10 02:49:53,10.0,同花顺量价齐升、同花顺突破5日线
2026-05-10,2026-05-10 02:53:01,20,001373,翔腾新材,40.09,2.85,0.0,0.0,0.0,1.78,3.38,56,53,100.55084745762711,80.13771186440678,open,,,,,,,,新浪,2026-05-10 02:49:53,13.0,同花顺量价齐升、同花顺连续上涨、同花顺突破5日线
