代码,名称,最新价,涨跌幅%,量比,换手率%,振幅%,成交量,成交额(万),ma5_dev%,vol_vs_ma5,score,score_pct,数据源,行情采集时间,adaptive_score,final_score,enrich_score,enrich_notes
002266,浙富控股,4.98,4.62,0.0,0.0,0.0,258820270,126567.6,4.68,2.95,67,63,新浪,2026-04-29 13:42:16,,78.0,11.0,同花顺突破5日线、腾讯买盘偏强57%、腾讯尾段成交放大
002340,格林美,9.38,5.04,0.0,0.0,0.0,310205884,285113.9,4.4,2.16,67,63,新浪,2026-04-29 13:42:16,,78.0,11.0,同花顺连续上涨、同花顺突破5日线、腾讯尾段成交放大
003026,中晶科技,47.79,5.54,0.0,0.0,0.0,23399095,112693.4,5.97,1.8,63,60,新浪,2026-04-29 13:42:16,,76.0,13.0,同花顺量价齐升、同花顺连续上涨、同花顺突破5日线
002795,永和智控,9.05,4.02,0.0,0.0,0.0,29630064,26740.1,6.59,2.86,67,63,新浪,2026-04-29 13:42:16,,75.0,8.0,同花顺突破5日线、腾讯尾段成交放大
002407,多氟多,35.98,6.58,0.0,0.0,0.0,174598452,608439.2,6.9,1.56,63,60,新浪,2026-04-29 13:42:16,,73.0,10.0,同花顺突破5日线、腾讯买盘占优65%
600884,杉杉股份,16.37,3.87,0.0,0.0,0.0,135927142,219779.7,4.9,1.53,63,60,新浪,2026-04-29 13:42:16,,73.0,10.0,同花顺突破5日线、腾讯买盘占优65%
002591,恒大高新,7.62,4.1,0.0,0.0,0.0,8255187,6169.7,2.86,1.52,58,55,新浪,2026-04-29 13:42:16,,71.0,13.0,同花顺量价齐升、同花顺连续上涨、同花顺突破5日线
600323,瀚蓝环境,32.58,3.99,0.0,0.0,0.0,11031354,35751.9,4.2,1.79,58,55,新浪,2026-04-29 13:42:16,,71.0,13.0,同花顺连续上涨、同花顺突破5日线、腾讯买盘占优63%
002963,豪尔赛,17.5,4.29,0.0,0.0,0.0,8003500,13696.5,4.11,1.67,61,58,新浪,2026-04-29 13:42:16,,71.0,10.0,同花顺量价齐升、同花顺突破5日线
605589,圣泉集团,39.8,5.15,0.0,0.0,0.0,46126585,179453.6,4.09,2.05,67,63,新浪,2026-04-29 13:42:16,,70.0,3.0,腾讯买盘偏强61%
603045,福达合金,41.85,4.39,0.0,0.0,0.0,5492616,22590.0,6.67,1.52,63,60,新浪,2026-04-29 13:42:16,,70.0,7.0,同花顺突破5日线、腾讯买盘偏强57%
000782,恒申新材,7.15,4.23,0.0,0.0,0.0,32872400,23178.5,7.35,3.14,65,61,新浪,2026-04-29 13:42:16,,69.0,4.0,同花顺突破5日线
002563,森马服饰,6.08,6.29,0.0,0.0,0.0,69664668,41849.5,3.89,2.21,62,59,新浪,2026-04-29 13:42:16,,69.0,7.0,同花顺连续上涨、同花顺突破5日线
000651,格力电器,40.63,5.7,0.0,0.0,0.0,164401004,662476.2,1.14,1.74,56,53,新浪,2026-04-29 13:42:16,,69.0,13.0,同花顺量价齐升、同花顺连续上涨、同花顺突破5日线
600540,新赛股份,5.09,4.09,0.0,0.0,0.0,15315373,7730.2,2.62,1.63,63,60,新浪,2026-04-29 13:42:16,,69.0,6.0,腾讯买盘占优76%
603488,展鹏科技,11.37,3.74,0.0,0.0,0.0,11565480,13077.6,2.89,2.22,65,61,新浪,2026-04-29 13:42:16,,68.0,3.0,腾讯买盘偏强57%
000636,风华高科,25.35,3.72,0.0,0.0,0.0,96662636,241450.9,3.19,1.37,55,52,新浪,2026-04-29 13:42:16,,68.0,13.0,同花顺量价齐升、同花顺连续上涨、同花顺突破5日线
000589,贵州轮胎,5.1,7.82,0.0,0.0,0.0,94961365,47979.7,3.55,3.4,60,57,新浪,2026-04-29 13:42:16,,68.0,8.0,同花顺突破5日线、腾讯尾段成交放大
603029,天鹅股份,19.76,2.97,0.0,0.0,0.0,1672530,3279.2,1.96,1.6,54,51,新浪,2026-04-29 13:42:16,,67.0,13.0,同花顺量价齐升、同花顺连续上涨、同花顺突破5日线
603156,养元饮品,35.63,4.12,0.0,0.0,0.0,7058838,24737.7,3.35,1.76,63,60,新浪,2026-04-29 13:42:16,,67.0,4.0,同花顺突破5日线
603839,安正时尚,7.91,3.67,0.0,0.0,0.0,5748000,4533.4,-0.29,2.29,63,60,新浪,2026-04-29 13:42:16,,67.0,4.0,腾讯尾段成交放大
600099,林海股份,11.57,3.95,0.0,0.0,0.0,5560201,6364.1,0.35,2.7,65,61,新浪,2026-04-29 13:42:16,,65.0,0.0,
603116,红蜻蜓,6.37,5.12,0.0,0.0,0.0,14837560,9341.6,3.38,1.43,55,52,新浪,2026-04-29 13:42:16,,65.0,10.0,同花顺量价齐升、同花顺突破5日线
002535,林州重机,3.6,3.75,0.0,0.0,0.0,15421520,5473.0,3.1,2.16,60,57,新浪,2026-04-29 13:42:16,,64.0,4.0,同花顺突破5日线
003030,祖名股份,21.93,2.72,0.0,0.0,0.0,1990600,4340.9,2.47,2.87,60,57,新浪,2026-04-29 13:42:16,,64.0,4.0,同花顺突破5日线
002798,帝欧水华,7.83,3.16,0.0,0.0,0.0,28677707,22312.9,5.17,1.86,56,53,新浪,2026-04-29 13:42:16,,63.0,7.0,同花顺连续上涨、同花顺突破5日线
600379,宝光股份,14.42,4.04,0.0,0.0,0.0,59020764,87378.3,3.19,1.44,53,50,新浪,2026-04-29 13:42:16,,63.0,10.0,同花顺量价齐升、同花顺突破5日线
002883,中设股份,10.23,4.6,0.0,0.0,0.0,6509260,6552.9,2.18,1.62,56,53,新浪,2026-04-29 13:42:16,,63.0,7.0,同花顺连续上涨、同花顺突破5日线
000833,粤桂股份,28.81,4.88,0.0,0.0,0.0,41001335,117481.3,4.89,1.44,55,52,新浪,2026-04-29 13:42:16,,62.0,7.0,同花顺连续上涨、同花顺突破5日线
600665,天地源,3.56,3.19,0.0,0.0,0.0,11189600,3932.5,5.2,2.52,55,52,新浪,2026-04-29 13:42:16,,62.0,7.0,同花顺连续上涨、同花顺突破5日线
000151,中成股份,11.91,6.34,0.0,0.0,0.0,11723300,13604.6,4.72,1.84,58,55,新浪,2026-04-29 13:42:16,,62.0,4.0,同花顺突破5日线
002919,名臣健康,23.81,3.52,0.0,0.0,0.0,5930200,14029.2,9.93,2.04,57,54,新浪,2026-04-29 13:42:16,,61.0,4.0,同花顺突破5日线
002105,信隆健康,6.72,4.35,0.0,0.0,0.0,8584127,5722.8,3.12,1.97,56,53,新浪,2026-04-29 13:42:16,,60.0,4.0,同花顺突破5日线
601918,新集能源,9.0,3.45,0.0,0.0,0.0,72099200,63878.9,5.18,1.62,56,53,新浪,2026-04-29 13:42:16,,60.0,4.0,同花顺突破5日线
002858,力盛体育,16.7,4.05,0.0,0.0,0.0,6560900,10912.0,2.95,1.96,56,53,新浪,2026-04-29 13:42:16,,60.0,4.0,同花顺突破5日线
000546,金圆股份,7.34,3.23,0.0,0.0,0.0,67845200,48850.0,5.6,1.67,56,53,新浪,2026-04-29 13:42:16,,60.0,4.0,同花顺突破5日线
603956,威派格,5.91,4.05,0.0,0.0,0.0,7833998,4567.0,1.99,1.73,56,53,新浪,2026-04-29 13:42:16,,60.0,4.0,同花顺突破5日线
600712,南宁百货,6.25,6.11,0.0,0.0,0.0,16401639,10217.2,1.58,1.73,56,53,新浪,2026-04-29 13:42:16,,60.0,4.0,同花顺突破5日线
002193,如意集团,6.81,4.61,0.0,0.0,0.0,19391300,12928.2,3.35,1.82,56,53,新浪,2026-04-29 13:42:16,,60.0,4.0,同花顺突破5日线
600770,综艺股份,8.2,7.05,0.0,0.0,0.0,243772914,189377.3,9.81,5.65,55,52,新浪,2026-04-29 13:42:16,,59.0,4.0,同花顺突破5日线
600539,狮头股份,17.86,4.57,0.0,0.0,0.0,11631900,20521.0,5.11,1.27,55,52,新浪,2026-04-29 13:42:16,,59.0,4.0,同花顺突破5日线
001256,炜冈科技,25.19,2.9,0.0,0.0,0.0,3008300,7519.1,4.21,2.67,55,52,新浪,2026-04-29 13:42:16,,59.0,4.0,同花顺突破5日线
600006,东风股份,6.73,3.22,0.0,0.0,0.0,24016600,16124.5,2.25,1.59,54,51,新浪,2026-04-29 13:42:16,,58.0,4.0,同花顺突破5日线
603132,金徽股份,20.0,2.56,0.0,0.0,0.0,5713000,11261.9,3.24,1.64,54,51,新浪,2026-04-29 13:42:16,,58.0,4.0,同花顺突破5日线
001209,洪兴股份,21.83,4.7,0.0,0.0,0.0,6091000,13171.0,0.67,1.33,53,50,新浪,2026-04-29 13:42:16,,57.0,4.0,同花顺突破5日线
000757,浩物股份,4.89,2.73,0.0,0.0,0.0,10908660,5260.8,0.76,2.16,53,50,新浪,2026-04-29 13:42:16,,57.0,4.0,同花顺突破5日线
002852,道道全,9.32,5.31,0.0,0.0,0.0,13416734,12282.8,1.4,1.54,56,53,新浪,2026-04-29 13:42:16,,56.0,0.0,
600366,宁波韵升,13.3,3.91,0.0,0.0,0.0,30842109,40604.4,2.05,1.29,53,50,新浪,2026-04-29 13:42:16,,53.0,0.0,
002398,垒知集团,5.08,3.67,0.0,0.0,0.0,15498700,7815.7,0.16,1.71,53,50,新浪,2026-04-29 13:42:16,,53.0,0.0,
600055,万东医疗,15.07,2.87,0.0,0.0,0.0,9009700,13620.1,-0.67,2.02,53,50,新浪,2026-04-29 13:42:16,,53.0,0.0,
600831,广电网络,3.89,2.91,0.0,0.0,0.0,15381401,5946.5,4.86,1.53,51,48,新浪,2026-04-29 13:42:16,,51.0,0.0,
000703,恒逸石化,17.01,7.45,0.0,0.0,0.0,77309434,127539.3,1.71,1.79,51,48,新浪,2026-04-29 13:42:16,,51.0,0.0,
000637,茂化实华,4.75,4.17,0.0,0.0,0.0,9743790,4554.2,1.21,1.68,51,48,新浪,2026-04-29 13:42:16,,51.0,0.0,
002386,天原股份,7.23,4.03,0.0,0.0,0.0,73665495,51867.2,1.95,1.09,51,48,新浪,2026-04-29 13:42:16,,51.0,0.0,
002215,诺 普 信,10.96,2.72,0.0,0.0,0.0,18810656,20523.5,3.36,1.64,51,48,新浪,2026-04-29 13:42:16,,51.0,0.0,
603233,大参林,19.38,3.36,0.0,0.0,0.0,7183277,13742.0,2.96,1.51,51,48,新浪,2026-04-29 13:42:16,,51.0,0.0,
603307,扬州金泉,41.78,5.34,0.0,0.0,0.0,1032800,4302.6,1.36,1.55,51,48,新浪,2026-04-29 13:42:16,,51.0,0.0,
600159,大龙地产,3.26,3.82,0.0,0.0,0.0,22289300,7202.8,4.6,1.39,50,47,新浪,2026-04-29 13:42:16,,50.0,0.0,
002578,闽发铝业,4.21,2.93,0.0,0.0,0.0,37690636,15569.7,5.12,2.63,50,47,新浪,2026-04-29 13:42:16,,50.0,0.0,
000036,华联控股,5.42,6.07,0.0,0.0,0.0,44727977,23809.8,2.29,1.38,50,47,新浪,2026-04-29 13:42:16,,50.0,0.0,
000676,智度股份,7.38,5.28,0.0,0.0,0.0,22996201,16847.5,-4.6,3.13,50,47,新浪,2026-04-29 13:42:16,,50.0,0.0,
000688,国城矿业,48.79,6.34,0.0,0.0,0.0,25208430,119844.9,4.99,1.3,50,47,新浪,2026-04-29 13:42:16,,50.0,0.0,
002667,威领股份,33.6,6.03,0.0,0.0,0.0,25662977,83526.2,2.02,1.06,49,46,新浪,2026-04-29 13:42:16,,49.0,0.0,
600768,宁波富邦,18.2,3.65,0.0,0.0,0.0,8435169,15031.7,1.59,1.07,49,46,新浪,2026-04-29 13:42:16,,49.0,0.0,
603818,曲美家居,3.57,2.59,0.0,0.0,0.0,9480500,3358.3,1.82,1.51,49,46,新浪,2026-04-29 13:42:16,,49.0,0.0,
002674,兴业科技,13.79,3.53,0.0,0.0,0.0,4860500,6657.2,0.49,1.19,49,46,新浪,2026-04-29 13:42:16,,49.0,0.0,
603709,中源家居,19.74,4.28,0.0,0.0,0.0,4724829,9154.9,1.89,1.1,49,46,新浪,2026-04-29 13:42:16,,49.0,0.0,
603155,新亚强,17.42,4.69,0.0,0.0,0.0,7668471,13318.8,1.67,1.18,49,46,新浪,2026-04-29 13:42:16,,49.0,0.0,
600586,金晶科技,5.71,3.44,0.0,0.0,0.0,40567008,23093.8,1.59,1.52,49,46,新浪,2026-04-29 13:42:16,,49.0,0.0,
001335,信凯科技,48.19,4.85,0.0,0.0,0.0,1682274,8002.3,2.25,1.08,49,46,新浪,2026-04-29 13:42:16,,49.0,0.0,
600615,鑫源智造,11.71,3.08,0.0,0.0,0.0,2360792,2742.5,2.19,1.95,49,46,新浪,2026-04-29 13:42:16,,49.0,0.0,
603214,爱婴室,16.57,3.43,0.0,0.0,0.0,3347900,5477.0,0.92,1.76,49,46,新浪,2026-04-29 13:42:16,,49.0,0.0,
601969,海南矿业,12.41,6.25,0.0,0.0,0.0,35987529,43377.1,1.01,1.02,49,46,新浪,2026-04-29 13:42:16,,49.0,0.0,
002374,中锐股份,3.24,4.85,0.0,0.0,0.0,24036060,7671.5,1.74,1.38,48,45,新浪,2026-04-29 13:42:16,,48.0,0.0,
002176,江特电机,15.79,7.93,0.0,0.0,0.0,281601428,413578.3,12.17,1.86,48,45,新浪,2026-04-29 13:42:16,,48.0,0.0,
002090,金智科技,11.13,5.9,0.0,0.0,0.0,15637902,17291.6,1.02,1.33,48,45,新浪,2026-04-29 13:42:16,,48.0,0.0,
603536,惠发食品,10.52,5.2,0.0,0.0,0.0,10169040,10659.8,2.01,1.41,48,45,新浪,2026-04-29 13:42:16,,48.0,0.0,
002820,桂发祥,11.2,4.97,0.0,0.0,0.0,6248100,6937.1,2.25,1.29,48,45,新浪,2026-04-29 13:42:16,,48.0,0.0,
000983,山西焦煤,6.98,3.56,0.0,0.0,0.0,103004829,71786.4,1.64,1.4,48,45,新浪,2026-04-29 13:42:16,,48.0,0.0,
600479,千金药业,10.98,3.78,0.0,0.0,0.0,15942946,17366.4,0.57,1.36,48,45,新浪,2026-04-29 13:42:16,,48.0,0.0,
002388,新亚制程,5.42,4.43,0.0,0.0,0.0,24240440,12939.0,2.53,1.28,48,45,新浪,2026-04-29 13:42:16,,48.0,0.0,
603023,威帝股份,4.55,3.65,0.0,0.0,0.0,12999257,5878.8,1.68,1.43,48,45,新浪,2026-04-29 13:42:16,,48.0,0.0,
600778,友好集团,6.71,4.03,0.0,0.0,0.0,10184300,6784.1,1.67,1.45,48,45,新浪,2026-04-29 13:42:16,,48.0,0.0,
603867,新化股份,34.09,3.68,0.0,0.0,0.0,5530300,18803.1,-0.3,1.31,48,45,新浪,2026-04-29 13:42:16,,48.0,0.0,
600336,澳柯玛,7.49,5.05,0.0,0.0,0.0,16203885,12084.6,2.4,1.36,48,45,新浪,2026-04-29 13:42:16,,48.0,0.0,
002316,亚联发展,5.45,3.81,0.0,0.0,0.0,11795600,6364.6,0.85,1.21,48,45,新浪,2026-04-29 13:42:16,,48.0,0.0,
002727,一心堂,12.75,4.08,0.0,0.0,0.0,13398709,17069.2,-1.21,1.87,48,45,新浪,2026-04-29 13:42:16,,48.0,0.0,
600325,华发股份,3.57,4.39,0.0,0.0,0.0,61833604,21826.5,-3.48,2.29,47,44,新浪,2026-04-29 13:42:16,,47.0,0.0,
002890,弘宇股份,17.3,2.67,0.0,0.0,0.0,4183229,7304.6,4.34,1.56,46,43,新浪,2026-04-29 13:42:16,,46.0,0.0,
600326,西藏天路,9.33,2.98,0.0,0.0,0.0,35901257,33416.4,0.24,1.89,46,43,新浪,2026-04-29 13:42:16,,46.0,0.0,
603711,香飘飘,13.08,4.56,0.0,0.0,0.0,3318500,4257.4,0.58,1.34,46,43,新浪,2026-04-29 13:42:16,,46.0,0.0,
000679,大连友谊,7.18,3.01,0.0,0.0,0.0,3787100,2698.8,2.08,1.42,46,43,新浪,2026-04-29 13:42:16,,46.0,0.0,
600883,博闻科技,8.58,3.25,0.0,0.0,0.0,3082876,2613.9,1.76,1.36,46,43,新浪,2026-04-29 13:42:16,,46.0,0.0,
001210,金房能源,21.3,2.75,0.0,0.0,0.0,2967623,6279.4,-2.8,3.39,46,43,新浪,2026-04-29 13:42:16,,46.0,0.0,
603755,日辰股份,28.93,2.62,0.0,0.0,0.0,1450700,4152.4,-0.45,1.56,46,43,新浪,2026-04-29 13:42:16,,46.0,0.0,
603316,诚邦股份,16.58,5.4,0.0,0.0,0.0,9400460,15268.8,0.41,1.09,46,43,新浪,2026-04-29 13:42:16,,46.0,0.0,
605337,李子园,10.93,2.82,0.0,0.0,0.0,4527762,4901.4,0.47,1.34,46,43,新浪,2026-04-29 13:42:16,,46.0,0.0,
600078,澄星股份,13.25,4.08,0.0,0.0,0.0,21792200,28382.2,1.55,1.03,46,43,新浪,2026-04-29 13:42:16,,46.0,0.0,
603797,联泰环保,4.91,2.94,0.0,0.0,0.0,6239958,3034.6,0.64,1.35,46,43,新浪,2026-04-29 13:42:16,,46.0,0.0,
600188,兖矿能源,23.14,7.83,0.0,0.0,0.0,80654531,183584.0,2.45,1.01,46,43,新浪,2026-04-29 13:42:16,,46.0,0.0,
002167,东方锆业,13.16,3.46,0.0,0.0,0.0,19333755,25124.5,1.73,1.3,46,43,新浪,2026-04-29 13:42:16,,46.0,0.0,
603319,美湖股份,37.71,5.01,0.0,0.0,0.0,14989321,55931.1,1.42,0.63,45,42,新浪,2026-04-29 13:42:16,,45.0,0.0,
603722,阿科力,39.32,3.67,0.0,0.0,0.0,1033700,4003.4,2.28,0.85,45,42,新浪,2026-04-29 13:42:16,,45.0,0.0,
600736,苏州高新,8.44,7.93,0.0,0.0,0.0,167893706,135364.9,-1.22,1.36,45,42,新浪,2026-04-29 13:42:16,,45.0,0.0,
000155,川能动力,19.01,3.77,0.0,0.0,0.0,89966226,166783.8,3.53,0.99,45,42,新浪,2026-04-29 13:42:16,,45.0,0.0,
603355,莱克电气,30.82,3.81,0.0,0.0,0.0,4008100,11930.5,3.6,0.61,45,42,新浪,2026-04-29 13:42:16,,45.0,0.0,
000790,华神科技,4.15,3.75,0.0,0.0,0.0,14532794,5951.8,1.37,1.23,45,42,新浪,2026-04-29 13:42:16,,45.0,0.0,
000672,上峰水泥,13.43,5.83,0.0,0.0,0.0,20272799,26388.6,1.98,1.0,45,42,新浪,2026-04-29 13:42:16,,45.0,0.0,
002444,巨星科技,34.24,4.97,0.0,0.0,0.0,25828568,88766.7,-0.46,1.37,45,42,新浪,2026-04-29 13:42:16,,45.0,0.0,
600331,宏达股份,18.28,5.79,0.0,0.0,0.0,66505733,120128.1,4.57,0.95,45,42,新浪,2026-04-29 13:42:16,,45.0,0.0,
000762,西藏矿业,38.92,5.96,0.0,0.0,0.0,40564126,152544.3,1.53,0.82,45,42,新浪,2026-04-29 13:42:16,,45.0,0.0,
002887,绿茵生态,13.25,4.74,0.0,0.0,0.0,7242180,9594.2,0.93,0.69,45,42,新浪,2026-04-29 13:42:16,,45.0,0.0,
600791,京能置业,13.22,2.72,0.0,0.0,0.0,11644950,15261.6,2.15,1.1,44,41,新浪,2026-04-29 13:42:16,,44.0,0.0,
002133,广宇集团,3.42,3.32,0.0,0.0,0.0,13916486,4697.7,1.78,1.86,44,41,新浪,2026-04-29 13:42:16,,44.0,0.0,
002836,新宏泽,13.33,2.93,0.0,0.0,0.0,2614024,3469.2,3.01,1.67,44,41,新浪,2026-04-29 13:42:16,,44.0,0.0,
002838,道恩股份,30.78,3.5,0.0,0.0,0.0,7133739,21478.2,3.5,1.1,44,41,新浪,2026-04-29 13:42:16,,44.0,0.0,
002493,荣盛石化,13.57,4.14,0.0,0.0,0.0,72528157,97383.7,2.2,1.14,44,41,新浪,2026-04-29 13:42:16,,44.0,0.0,
601882,海天精工,19.92,5.4,0.0,0.0,0.0,4798770,9345.5,-0.64,1.09,44,41,新浪,2026-04-29 13:42:16,,44.0,0.0,
000759,中百集团,5.5,2.8,0.0,0.0,0.0,16280900,8885.2,1.42,1.52,44,41,新浪,2026-04-29 13:42:16,,44.0,0.0,
601233,桐昆股份,22.83,8.92,0.0,0.0,0.0,59163009,131754.2,0.44,1.05,44,41,新浪,2026-04-29 13:42:16,,44.0,0.0,
000816,智慧农业,3.22,2.55,0.0,0.0,0.0,24219511,7721.0,-1.2,1.73,44,41,新浪,2026-04-29 13:42:16,,44.0,0.0,
603344,星德胜,27.69,2.71,0.0,0.0,0.0,1190900,3259.8,-2.51,1.66,44,41,新浪,2026-04-29 13:42:16,,44.0,0.0,
002245,蔚蓝锂芯,21.3,2.6,0.0,0.0,0.0,41454888,87189.7,-1.13,1.25,44,41,新浪,2026-04-29 13:42:16,,44.0,0.0,
002380,科远智慧,35.61,3.46,0.0,0.0,0.0,5824400,20474.1,2.06,1.07,44,41,新浪,2026-04-29 13:42:16,,44.0,0.0,
600319,亚星化学,8.07,3.06,0.0,0.0,0.0,3924800,3124.2,2.56,1.17,44,41,新浪,2026-04-29 13:42:16,,44.0,0.0,
603876,鼎胜新材,28.25,3.25,0.0,0.0,0.0,37179513,102658.0,7.69,1.07,44,41,新浪,2026-04-29 13:42:16,,44.0,0.0,
603270,金帝股份,27.25,5.17,0.0,0.0,0.0,7348724,19784.2,0.33,0.85,43,40,新浪,2026-04-29 13:42:16,,43.0,0.0,
603162,海通发展,15.14,5.29,0.0,0.0,0.0,15624161,23028.2,1.14,0.87,43,40,新浪,2026-04-29 13:42:16,,43.0,0.0,
002068,黑猫股份,8.97,4.79,0.0,0.0,0.0,21789091,19287.2,0.3,1.21,43,40,新浪,2026-04-29 13:42:16,,43.0,0.0,
002197,证通电子,8.05,3.07,0.0,0.0,0.0,14474656,11649.4,3.32,1.25,43,40,新浪,2026-04-29 13:42:16,,43.0,0.0,
002125,湘潭电化,14.88,5.08,0.0,0.0,0.0,22930916,33345.8,0.37,0.98,43,40,新浪,2026-04-29 13:42:16,,43.0,0.0,
600566,济川药业,27.51,2.96,0.0,0.0,0.0,6314164,17283.3,4.0,1.39,43,40,新浪,2026-04-29 13:42:16,,43.0,0.0,
603955,大千生态,26.65,5.13,0.0,0.0,0.0,3028080,7924.7,-3.1,1.54,43,40,新浪,2026-04-29 13:42:16,,43.0,0.0,
600037,歌华有线,7.88,5.21,0.0,0.0,0.0,28960825,22791.9,-0.08,1.19,43,40,新浪,2026-04-29 13:42:16,,43.0,0.0,
600251,冠农股份,12.61,4.73,0.0,0.0,0.0,18605651,23092.7,0.67,0.77,43,40,新浪,2026-04-29 13:42:16,,43.0,0.0,
603880,南卫股份,7.15,7.36,0.0,0.0,0.0,8519020,5955.6,1.9,1.41,43,40,新浪,2026-04-29 13:42:16,,43.0,0.0,
600280,中央商场,3.13,3.64,0.0,0.0,0.0,27518200,8529.8,1.0,1.4,43,40,新浪,2026-04-29 13:42:16,,43.0,0.0,
002330,得利斯,4.81,3.89,0.0,0.0,0.0,15212809,7217.1,0.09,1.46,43,40,新浪,2026-04-29 13:42:16,,43.0,0.0,
601339,百隆东方,8.82,4.38,0.0,0.0,0.0,13938672,11971.1,0.83,0.68,43,40,新浪,2026-04-29 13:42:16,,43.0,0.0,
600455,博通股份,27.97,8.49,0.0,0.0,0.0,5856696,16293.0,1.38,1.44,43,40,新浪,2026-04-29 13:42:16,,43.0,0.0,
603659,璞泰来,36.93,4.03,0.0,0.0,0.0,51352846,186249.6,2.43,0.89,43,40,新浪,2026-04-29 13:42:16,,43.0,0.0,
603719,良品铺子,11.22,6.15,0.0,0.0,0.0,16085571,18161.0,1.5,0.9,43,40,新浪,2026-04-29 13:42:16,,43.0,0.0,
002037,保利联合,8.6,6.17,0.0,0.0,0.0,13722176,11621.1,-1.09,1.36,43,40,新浪,2026-04-29 13:42:16,,43.0,0.0,
002494,华斯股份,5.93,3.13,0.0,0.0,0.0,16072030,9485.8,1.15,1.04,42,40,新浪,2026-04-29 13:42:16,,42.0,0.0,
002394,联发股份,13.55,7.97,0.0,0.0,0.0,8913700,11848.1,-8.11,2.8,42,40,新浪,2026-04-29 13:42:16,,42.0,0.0,
603043,广州酒家,15.91,3.51,0.0,0.0,0.0,6376660,10037.6,0.13,1.07,42,40,新浪,2026-04-29 13:42:16,,42.0,0.0,
600176,中国巨石,35.59,3.16,0.0,0.0,0.0,138743635,491948.5,1.98,1.03,42,40,新浪,2026-04-29 13:42:16,,42.0,0.0,
600386,北巴传媒,4.17,2.96,0.0,0.0,0.0,10347400,4291.0,0.44,1.27,41,39,新浪,2026-04-29 13:42:16,,41.0,0.0,
600796,钱江生化,6.4,2.56,0.0,0.0,0.0,6811601,4350.7,0.68,1.22,41,39,新浪,2026-04-29 13:42:16,,41.0,0.0,
002531,天顺风能,11.81,3.87,0.0,0.0,0.0,37858380,44027.9,-4.38,1.07,41,39,新浪,2026-04-29 13:42:16,,41.0,0.0,
002702,海欣食品,5.98,2.57,0.0,0.0,0.0,31265928,18510.4,2.45,1.35,41,39,新浪,2026-04-29 13:42:16,,41.0,0.0,
002273,水晶光电,33.27,5.18,0.0,0.0,0.0,53121246,173229.8,0.22,0.69,41,39,新浪,2026-04-29 13:42:16,,41.0,0.0,
600303,曙光股份,3.3,3.12,0.0,0.0,0.0,16792257,5479.8,1.66,1.4,41,39,新浪,2026-04-29 13:42:16,,41.0,0.0,
002573,清新环境,3.61,2.85,0.0,0.0,0.0,9050211,3255.2,-2.07,1.73,41,39,新浪,2026-04-29 13:42:16,,41.0,0.0,
002213,大为股份,36.77,3.0,0.0,0.0,0.0,26652499,95586.8,2.42,1.29,41,39,新浪,2026-04-29 13:42:16,,41.0,0.0,
603810,丰山集团,16.18,3.45,0.0,0.0,0.0,2964340,4744.5,2.41,1.42,41,39,新浪,2026-04-29 13:42:16,,41.0,0.0,
002910,庄园牧场,11.09,3.26,0.0,0.0,0.0,5022700,5488.2,1.19,1.46,41,39,新浪,2026-04-29 13:42:16,,41.0,0.0,
002132,恒星科技,4.83,4.32,0.0,0.0,0.0,99407234,47283.6,0.48,0.78,41,39,新浪,2026-04-29 13:42:16,,41.0,0.0,
600448,华纺股份,3.52,3.53,0.0,0.0,0.0,22720593,7935.7,1.75,0.73,41,39,新浪,2026-04-29 13:42:16,,41.0,0.0,
600327,大东方,3.9,3.45,0.0,0.0,0.0,16266928,6332.7,1.59,1.49,41,39,新浪,2026-04-29 13:42:16,,41.0,0.0,
601038,一拖股份,13.64,4.92,0.0,0.0,0.0,11608786,15660.7,0.17,0.83,41,39,新浪,2026-04-29 13:42:16,,41.0,0.0,
002188,中天服务,6.91,3.13,0.0,0.0,0.0,8008900,5465.2,2.7,1.23,41,39,新浪,2026-04-29 13:42:16,,41.0,0.0,
000605,渤海股份,7.15,3.17,0.0,0.0,0.0,6433880,4570.3,1.75,1.34,41,39,新浪,2026-04-29 13:42:16,,41.0,0.0,
603118,共进股份,14.72,5.29,0.0,0.0,0.0,83890802,125661.3,-0.49,0.74,41,39,新浪,2026-04-29 13:42:16,,41.0,0.0,
002148,北纬科技,7.83,3.16,0.0,0.0,0.0,14301874,11275.7,1.13,1.33,41,39,新浪,2026-04-29 13:42:16,,41.0,0.0,
603978,深圳新星,27.73,5.28,0.0,0.0,0.0,14120604,38543.6,3.88,1.06,41,39,新浪,2026-04-29 13:42:16,,41.0,0.0,
603312,西典新能,40.33,2.78,0.0,0.0,0.0,1024826,4087.0,-4.06,2.65,40,38,新浪,2026-04-29 13:42:16,,40.0,0.0,
000786,北新建材,26.16,4.02,0.0,0.0,0.0,21128830,55416.2,-1.1,1.25,40,38,新浪,2026-04-29 13:42:16,,40.0,0.0,
000829,天音控股,11.5,3.51,0.0,0.0,0.0,38903052,45222.7,-0.71,0.89,40,38,新浪,2026-04-29 13:42:16,,40.0,0.0,
600785,新华百货,17.76,6.86,0.0,0.0,0.0,8934369,15642.0,-0.93,1.23,40,38,新浪,2026-04-29 13:42:16,,40.0,0.0,
002291,遥望科技,6.64,5.73,0.0,0.0,0.0,64839165,42982.3,0.13,1.04,39,37,新浪,2026-04-29 13:42:16,,39.0,0.0,
603059,倍加洁,35.32,3.52,0.0,0.0,0.0,1124000,3920.7,-2.03,1.15,39,37,新浪,2026-04-29 13:42:16,,39.0,0.0,
000856,冀东装备,10.16,5.94,0.0,0.0,0.0,16249939,16051.5,0.55,1.08,39,37,新浪,2026-04-29 13:42:16,,39.0,0.0,
000607,华媒控股,4.07,2.78,0.0,0.0,0.0,13680350,5523.0,-0.05,1.5,39,37,新浪,2026-04-29 13:42:16,,39.0,0.0,
601798,蓝科高新,8.95,3.47,0.0,0.0,0.0,5961106,5262.2,-1.84,1.62,39,37,新浪,2026-04-29 13:42:16,,39.0,0.0,
002972,科安达,13.53,2.66,0.0,0.0,0.0,4361040,5834.7,1.79,1.03,39,37,新浪,2026-04-29 13:42:16,,39.0,0.0,
600706,曲江文旅,9.5,3.26,0.0,0.0,0.0,6191600,5852.3,0.76,1.48,38,36,新浪,2026-04-29 13:42:16,,38.0,0.0,
000921,海信家电,23.59,3.83,0.0,0.0,0.0,16050948,37814.1,-0.24,0.9,38,36,新浪,2026-04-29 13:42:16,,38.0,0.0,
603076,乐惠国际,30.77,2.94,0.0,0.0,0.0,3376338,10329.3,1.7,0.74,38,36,新浪,2026-04-29 13:42:16,,38.0,0.0,
002671,龙泉股份,4.91,2.72,0.0,0.0,0.0,13559402,6581.7,0.34,1.36,38,36,新浪,2026-04-29 13:42:16,,38.0,0.0,
603101,汇嘉时代,11.1,2.78,0.0,0.0,0.0,30031822,33449.7,2.37,0.98,38,36,新浪,2026-04-29 13:42:16,,38.0,0.0,
603917,合力科技,13.3,2.78,0.0,0.0,0.0,4532408,5983.0,0.89,1.38,38,36,新浪,2026-04-29 13:42:16,,38.0,0.0,
000792,盐湖股份,38.55,4.13,0.0,0.0,0.0,76983039,291027.0,1.81,0.9,38,36,新浪,2026-04-29 13:42:16,,38.0,0.0,
603039,泛微网络,45.18,3.62,0.0,0.0,0.0,5131765,22967.0,-0.15,0.55,38,36,新浪,2026-04-29 13:42:16,,38.0,0.0,
601368,绿城水务,5.0,3.52,0.0,0.0,0.0,16530300,8255.6,0.25,0.92,38,36,新浪,2026-04-29 13:42:16,,38.0,0.0,
603856,东宏股份,13.22,3.2,0.0,0.0,0.0,6678800,8836.5,-0.59,1.46,38,36,新浪,2026-04-29 13:42:16,,38.0,0.0,
002730,电光科技,31.77,2.88,0.0,0.0,0.0,27013282,85169.5,5.91,1.29,38,36,新浪,2026-04-29 13:42:16,,38.0,0.0,
603027,千禾味业,10.1,4.77,0.0,0.0,0.0,29006311,28935.5,-0.59,0.64,38,36,新浪,2026-04-29 13:42:16,,38.0,0.0,
601991,大唐发电,4.26,5.45,0.0,0.0,0.0,307727985,131919.2,-1.65,0.65,38,36,新浪,2026-04-29 13:42:16,,38.0,0.0,
002392,北京利尔,9.21,3.13,0.0,0.0,0.0,24356500,22426.8,3.25,0.82,38,36,新浪,2026-04-29 13:42:16,,38.0,0.0,
000803,山高环能,8.55,3.89,0.0,0.0,0.0,17844580,15146.7,2.94,0.55,38,36,新浪,2026-04-29 13:42:16,,38.0,0.0,
603833,欧派家居,48.42,4.33,0.0,0.0,0.0,2817285,13420.6,-1.74,1.49,38,36,新浪,2026-04-29 13:42:16,,38.0,0.0,
001360,南矿集团,21.48,4.17,0.0,0.0,0.0,2323600,4947.1,-1.49,1.38,38,36,新浪,2026-04-29 13:42:16,,38.0,0.0,
603901,永创智能,12.87,5.41,0.0,0.0,0.0,15938433,20129.8,-1.02,0.73,38,36,新浪,2026-04-29 13:42:16,,38.0,0.0,
000417,合百集团,6.58,3.46,0.0,0.0,0.0,12913500,8433.0,0.53,1.29,38,36,新浪,2026-04-29 13:42:16,,38.0,0.0,
601168,西部矿业,30.34,6.16,0.0,0.0,0.0,66907052,200127.3,-0.32,0.95,38,36,新浪,2026-04-29 13:42:16,,38.0,0.0,
002518,科士达,46.99,3.23,0.0,0.0,0.0,12262464,56922.4,-1.84,1.45,38,36,新浪,2026-04-29 13:42:16,,38.0,0.0,
000766,通化金马,23.91,2.75,0.0,0.0,0.0,13825409,33010.0,-0.43,1.12,37,35,新浪,2026-04-29 13:42:16,,37.0,0.0,
000599,青岛双星,5.79,7.22,0.0,0.0,0.0,44314300,25740.7,0.23,1.0,37,35,新浪,2026-04-29 13:42:16,,37.0,0.0,
600738,丽尚国潮,4.83,2.55,0.0,0.0,0.0,10738826,5135.2,1.01,1.2,37,35,新浪,2026-04-29 13:42:16,,37.0,0.0,
600844,金煤科技,3.6,3.15,0.0,0.0,0.0,49570582,17671.0,1.2,1.06,37,35,新浪,2026-04-29 13:42:16,,37.0,0.0,
603073,彩蝶实业,20.76,3.33,0.0,0.0,0.0,2275200,4662.8,1.77,1.03,37,35,新浪,2026-04-29 13:42:16,,37.0,0.0,
000428,华天酒店,3.94,2.87,0.0,0.0,0.0,12574284,4876.3,0.58,1.04,37,35,新浪,2026-04-29 13:42:16,,37.0,0.0,
000633,合金投资,6.85,2.85,0.0,0.0,0.0,8036200,5463.7,1.83,1.1,37,35,新浪,2026-04-29 13:42:16,,37.0,0.0,
002337,赛象科技,6.24,3.31,0.0,0.0,0.0,9330980,5758.1,0.99,1.2,37,35,新浪,2026-04-29 13:42:16,,37.0,0.0,
002513,蓝丰生化,6.48,2.86,0.0,0.0,0.0,6486800,4161.0,1.3,1.1,37,35,新浪,2026-04-29 13:42:16,,37.0,0.0,
003003,天元股份,13.62,2.56,0.0,0.0,0.0,3957300,5346.2,1.84,1.07,37,35,新浪,2026-04-29 13:42:16,,37.0,0.0,
002801,微光股份,32.18,5.06,0.0,0.0,0.0,2983800,9515.5,-1.15,1.15,36,34,新浪,2026-04-29 13:42:16,,36.0,0.0,
002343,慈文传媒,6.34,2.59,0.0,0.0,0.0,10965570,6944.8,-0.41,1.35,36,34,新浪,2026-04-29 13:42:16,,36.0,0.0,
002259,升达林业,5.34,4.91,0.0,0.0,0.0,75972283,41401.9,-8.63,1.09,36,34,新浪,2026-04-29 13:42:16,,36.0,0.0,
002453,华软科技,5.11,2.61,0.0,0.0,0.0,16005723,8100.3,-0.12,1.21,36,34,新浪,2026-04-29 13:42:16,,36.0,0.0,
600463,空港股份,10.75,3.07,0.0,0.0,0.0,5281385,5681.4,1.89,0.87,36,34,新浪,2026-04-29 13:42:16,,36.0,0.0,
600293,三峡新材,3.17,3.26,0.0,0.0,0.0,22997050,7229.0,-0.76,1.21,36,34,新浪,2026-04-29 13:42:16,,36.0,0.0,
600482,中国动力,40.41,2.56,0.0,0.0,0.0,24269000,96549.2,-0.96,0.8,36,34,新浪,2026-04-29 13:42:16,,36.0,0.0,
603113,金能科技,7.46,5.07,0.0,0.0,0.0,24000899,17596.0,-0.2,0.89,36,34,新浪,2026-04-29 13:42:16,,36.0,0.0,
002921,联诚精密,29.39,4.41,0.0,0.0,0.0,5223437,15153.3,5.81,1.2,36,34,新浪,2026-04-29 13:42:16,,36.0,0.0,
600576,祥源文旅,5.94,2.77,0.0,0.0,0.0,10899415,6430.0,-1.63,1.5,36,34,新浪,2026-04-29 13:42:16,,36.0,0.0,
000068,华控赛格,3.3,3.45,0.0,0.0,0.0,13097500,4277.7,2.72,1.5,36,34,新浪,2026-04-29 13:42:16,,36.0,0.0,
002057,中钢天源,9.65,2.77,0.0,0.0,0.0,7644600,7310.4,-1.24,1.45,36,34,新浪,2026-04-29 13:42:16,,36.0,0.0,
002960,青鸟智控,12.09,6.99,0.0,0.0,0.0,20068566,23660.8,0.33,0.79,36,34,新浪,2026-04-29 13:42:16,,36.0,0.0,
002318,久立特材,30.27,4.78,0.0,0.0,0.0,15846206,48118.1,-1.1,1.17,36,34,新浪,2026-04-29 13:42:16,,36.0,0.0,
603198,迎驾贡酒,38.95,2.8,0.0,0.0,0.0,12076835,46905.6,2.14,0.92,36,34,新浪,2026-04-29 13:42:16,,36.0,0.0,
002077,大港股份,15.92,4.05,0.0,0.0,0.0,21085729,33507.1,0.28,0.97,36,34,新浪,2026-04-29 13:42:16,,36.0,0.0,
603926,铁流股份,20.42,2.77,0.0,0.0,0.0,6985200,14149.9,1.41,0.84,36,34,新浪,2026-04-29 13:42:16,,36.0,0.0,
603596,伯特利,46.15,3.5,0.0,0.0,0.0,9940874,45656.8,1.67,0.88,36,34,新浪,2026-04-29 13:42:16,,36.0,0.0,
603669,灵康药业,4.55,4.36,0.0,0.0,0.0,19515345,8841.5,-1.07,1.1,36,34,新浪,2026-04-29 13:42:16,,36.0,0.0,
002806,华锋股份,14.29,3.78,0.0,0.0,0.0,6943100,9852.0,-1.51,0.73,35,33,新浪,2026-04-29 13:42:16,,35.0,0.0,
002109,兴化股份,4.05,3.32,0.0,0.0,0.0,27248200,10910.1,-0.67,1.12,35,33,新浪,2026-04-29 13:42:16,,35.0,0.0,
002209,达 意 隆,16.87,4.46,0.0,0.0,0.0,5133280,8518.1,-1.08,0.57,35,33,新浪,2026-04-29 13:42:16,,35.0,0.0,
603421,鼎信通讯,8.37,2.7,0.0,0.0,0.0,13919860,11600.7,0.29,1.07,35,33,新浪,2026-04-29 13:42:16,,35.0,0.0,
600732,爱旭股份,14.65,3.68,0.0,0.0,0.0,44266668,63439.7,-3.93,1.35,35,33,新浪,2026-04-29 13:42:16,,35.0,0.0,
600210,紫江企业,7.13,3.94,0.0,0.0,0.0,50721510,36565.0,-0.95,0.65,35,33,新浪,2026-04-29 13:42:16,,35.0,0.0,
600256,广汇能源,6.68,2.77,0.0,0.0,0.0,144110472,94846.8,-0.38,1.16,35,33,新浪,2026-04-29 13:42:16,,35.0,0.0,
002759,天际股份,36.14,6.29,0.0,0.0,0.0,57930759,203171.9,2.35,0.98,35,33,新浪,2026-04-29 13:42:16,,35.0,0.0,
603260,合盛硅业,45.23,3.95,0.0,0.0,0.0,8330789,37102.1,-1.4,0.77,35,33,新浪,2026-04-29 13:42:16,,35.0,0.0,
002067,景兴纸业,4.91,6.28,0.0,0.0,0.0,65888202,32317.5,-1.61,0.58,35,33,新浪,2026-04-29 13:42:16,,35.0,0.0,
600980,北矿科技,22.98,5.08,0.0,0.0,0.0,4080400,9243.9,-2.89,1.41,35,33,新浪,2026-04-29 13:42:16,,35.0,0.0,
003023,彩虹集团,29.78,4.16,0.0,0.0,0.0,3870990,11463.4,-2.61,0.5,35,33,新浪,2026-04-29 13:42:16,,35.0,0.0,
002145,钛能化学,4.73,5.34,0.0,0.0,0.0,63136478,29359.7,-1.28,0.95,35,33,新浪,2026-04-29 13:42:16,,35.0,0.0,
002927,泰永长征,17.95,4.85,0.0,0.0,0.0,6996655,12464.1,-0.57,0.7,35,33,新浪,2026-04-29 13:42:16,,35.0,0.0,
000695,滨海能源,15.68,4.12,0.0,0.0,0.0,12230500,18856.7,0.9,0.76,35,33,新浪,2026-04-29 13:42:16,,35.0,0.0,
600058,五矿发展,11.26,4.94,0.0,0.0,0.0,13445080,14946.9,-1.94,0.66,35,33,新浪,2026-04-29 13:42:16,,35.0,0.0,
002418,康盛股份,5.89,3.52,0.0,0.0,0.0,173631000,103962.9,-4.98,0.49,35,33,新浪,2026-04-29 13:42:16,,35.0,0.0,
600593,大连圣亚,34.59,5.75,0.0,0.0,0.0,5787000,20097.7,0.13,1.06,34,32,新浪,2026-04-29 13:42:16,,34.0,0.0,
600051,宁波联合,7.75,3.33,0.0,0.0,0.0,6082580,4659.1,0.7,1.1,34,32,新浪,2026-04-29 13:42:16,,34.0,0.0,
002283,天润工业,11.1,2.97,0.0,0.0,0.0,20884057,23051.3,0.33,0.83,34,32,新浪,2026-04-29 13:42:16,,34.0,0.0,
601577,长沙银行,9.87,3.35,0.0,0.0,0.0,26506822,26042.3,0.12,0.76,34,32,新浪,2026-04-29 13:42:16,,34.0,0.0,
002857,三晖电气,21.85,7.11,0.0,0.0,0.0,5685460,11923.4,0.43,1.18,34,32,新浪,2026-04-29 13:42:16,,34.0,0.0,
600995,南网储能,14.55,2.68,0.0,0.0,0.0,21575452,31322.1,0.2,0.65,34,32,新浪,2026-04-29 13:42:16,,34.0,0.0,
000825,太钢不锈,4.31,2.62,0.0,0.0,0.0,38727178,16583.8,-0.66,1.04,34,32,新浪,2026-04-29 13:42:16,,34.0,0.0,
603912,佳力图,10.4,2.67,0.0,0.0,0.0,41747618,43956.2,-1.44,0.57,34,32,新浪,2026-04-29 13:42:16,,34.0,0.0,
603665,康隆达,27.91,4.96,0.0,0.0,0.0,4045600,11055.7,-0.35,1.17,34,32,新浪,2026-04-29 13:42:16,,34.0,0.0,
600158,中体产业,10.73,5.2,0.0,0.0,0.0,56546447,60016.9,-0.67,1.12,34,32,新浪,2026-04-29 13:42:16,,34.0,0.0,
601033,永兴股份,15.38,3.15,0.0,0.0,0.0,9893371,15212.8,-0.04,0.61,34,32,新浪,2026-04-29 13:42:16,,34.0,0.0,
002114,罗平锌电,9.15,3.27,0.0,0.0,0.0,7691200,6952.4,0.38,0.69,34,32,新浪,2026-04-29 13:42:16,,34.0,0.0,
603117,万林物流,4.82,3.21,0.0,0.0,0.0,13678160,6590.9,0.8,1.01,34,32,新浪,2026-04-29 13:42:16,,34.0,0.0,
002457,青龙管业,11.86,4.31,0.0,0.0,0.0,39483578,47287.9,-0.79,1.02,34,32,新浪,2026-04-29 13:42:16,,34.0,0.0,
603928,兴业股份,15.97,3.17,0.0,0.0,0.0,4900332,7794.4,0.65,0.92,34,32,新浪,2026-04-29 13:42:16,,34.0,0.0,
605567,春雪食品,11.29,3.2,0.0,0.0,0.0,3007725,3367.6,1.17,1.09,34,32,新浪,2026-04-29 13:42:16,,34.0,0.0,
002631,德尔未来,7.59,3.69,0.0,0.0,0.0,21536813,16228.8,-0.14,0.72,33,31,新浪,2026-04-29 13:42:16,,33.0,0.0,
603507,振江股份,48.73,3.66,0.0,0.0,0.0,10923143,52627.5,-0.48,0.85,33,31,新浪,2026-04-29 13:42:16,,33.0,0.0,
000060,中金岭南,6.63,3.76,0.0,0.0,0.0,82557869,53827.1,-0.78,0.8,33,31,新浪,2026-04-29 13:42:16,,33.0,0.0,
600792,云煤能源,4.5,3.45,0.0,0.0,0.0,29838902,13305.4,3.69,0.91,33,31,新浪,2026-04-29 13:42:16,,33.0,0.0,
603225,新凤鸣,18.31,3.92,0.0,0.0,0.0,24713859,44966.7,-0.31,0.69,33,31,新浪,2026-04-29 13:42:16,,33.0,0.0,
002558,巨人网络,33.51,4.33,0.0,0.0,0.0,53594254,176956.7,-0.7,0.92,33,31,新浪,2026-04-29 13:42:16,,33.0,0.0,
600960,渤海汽车,5.26,3.75,0.0,0.0,0.0,20420800,10755.4,-0.08,0.98,33,31,新浪,2026-04-29 13:42:16,,33.0,0.0,
002355,兴民智通,6.05,3.77,0.0,0.0,0.0,19924381,11629.0,-0.37,0.8,33,31,新浪,2026-04-29 13:42:16,,33.0,0.0,
603829,洛凯股份,28.11,2.59,0.0,0.0,0.0,3198936,8915.9,2.35,0.81,33,31,新浪,2026-04-29 13:42:16,,33.0,0.0,
600110,诺德股份,10.91,3.31,0.0,0.0,0.0,150949655,162418.5,5.22,0.99,33,31,新浪,2026-04-29 13:42:16,,33.0,0.0,
000860,顺鑫农业,12.8,2.73,0.0,0.0,0.0,8179345,10438.6,-2.23,1.28,33,31,新浪,2026-04-29 13:42:16,,33.0,0.0,
600876,凯盛新能,9.91,3.77,0.0,0.0,0.0,3694110,3613.3,0.18,0.92,33,31,新浪,2026-04-29 13:42:16,,33.0,0.0,
002135,东南网架,7.89,5.2,0.0,0.0,0.0,39209931,30701.3,-0.51,0.74,33,31,新浪,2026-04-29 13:42:16,,33.0,0.0,
603369,今世缘,27.77,6.97,0.0,0.0,0.0,23939307,65988.9,0.11,0.73,33,31,新浪,2026-04-29 13:42:16,,33.0,0.0,
002948,青岛银行,6.07,7.43,0.0,0.0,0.0,104497226,63495.3,-1.14,0.67,33,31,新浪,2026-04-29 13:42:16,,33.0,0.0,
002078,太阳纸业,15.09,5.01,0.0,0.0,0.0,24463170,36289.0,-0.77,0.53,33,31,新浪,2026-04-29 13:42:16,,33.0,0.0,
601858,中国科传,24.7,7.3,0.0,0.0,0.0,16651800,40562.7,1.42,0.82,33,31,新浪,2026-04-29 13:42:16,,33.0,0.0,
002238,天威视讯,7.26,3.42,0.0,0.0,0.0,6155975,4427.0,0.51,1.05,32,30,新浪,2026-04-29 13:42:16,,32.0,0.0,
002596,海南瑞泽,3.67,2.8,0.0,0.0,0.0,35535463,13038.4,0.7,1.2,32,30,新浪,2026-04-29 13:42:16,,32.0,0.0,
002811,郑中设计,13.61,2.72,0.0,0.0,0.0,4186300,5624.1,0.36,1.06,32,30,新浪,2026-04-29 13:42:16,,32.0,0.0,
002682,龙洲股份,5.95,2.94,0.0,0.0,0.0,15811020,9335.8,-0.93,1.12,32,30,新浪,2026-04-29 13:42:16,,32.0,0.0,
603258,电魂网络,17.5,2.58,0.0,0.0,0.0,1652966,2878.5,-0.02,1.0,32,30,新浪,2026-04-29 13:42:16,,32.0,0.0,
002510,天汽模,6.75,2.74,0.0,0.0,0.0,12242100,8203.5,-0.7,1.1,32,30,新浪,2026-04-29 13:42:16,,32.0,0.0,
002570,贝因美,4.97,2.69,0.0,0.0,0.0,19862977,9850.4,-0.28,1.12,32,30,新浪,2026-04-29 13:42:16,,32.0,0.0,
002095,生 意 宝,16.1,3.14,0.0,0.0,0.0,4574586,7417.7,0.13,1.06,32,30,新浪,2026-04-29 13:42:16,,32.0,0.0,
603993,洛阳钼业,19.13,3.52,0.0,0.0,0.0,167402484,314806.8,-2.96,1.1,31,29,新浪,2026-04-29 13:42:16,,31.0,0.0,
600356,恒丰纸业,9.73,3.07,0.0,0.0,0.0,8831600,8493.9,-0.27,0.81,31,29,新浪,2026-04-29 13:42:16,,31.0,0.0,
600063,皖维高新,7.18,3.16,0.0,0.0,0.0,35284711,25016.0,0.83,0.98,31,29,新浪,2026-04-29 13:42:16,,31.0,0.0,
002277,友阿股份,5.85,3.36,0.0,0.0,0.0,21535602,12499.0,-0.65,0.81,31,29,新浪,2026-04-29 13:42:16,,31.0,0.0,
600754,锦江酒店,26.12,3.73,0.0,0.0,0.0,10661821,27725.9,-3.35,1.02,31,29,新浪,2026-04-29 13:42:16,,31.0,0.0,
601113,华鼎股份,4.6,2.91,0.0,0.0,0.0,19884400,9122.9,0.47,0.91,31,29,新浪,2026-04-29 13:42:16,,31.0,0.0,
002688,金河生物,6.03,2.55,0.0,0.0,0.0,12892250,7723.6,0.59,0.86,31,29,新浪,2026-04-29 13:42:16,,31.0,0.0,
001324,长青科技,20.59,2.95,0.0,0.0,0.0,2889500,5882.4,0.18,0.83,31,29,新浪,2026-04-29 13:42:16,,31.0,0.0,
600497,驰宏锌锗,9.03,3.44,0.0,0.0,0.0,100126709,89387.0,-1.75,0.57,31,29,新浪,2026-04-29 13:42:16,,31.0,0.0,
603727,博迈科,18.87,2.55,0.0,0.0,0.0,6335500,12153.3,1.49,0.6,31,29,新浪,2026-04-29 13:42:16,,31.0,0.0,
002986,宇新股份,14.93,3.25,0.0,0.0,0.0,6062756,8914.9,2.03,0.5,31,29,新浪,2026-04-29 13:42:16,,31.0,0.0,
000019,深粮控股,7.77,2.78,0.0,0.0,0.0,19668462,15323.2,0.33,0.67,31,29,新浪,2026-04-29 13:42:16,,31.0,0.0,
600936,北投科技,4.09,2.76,0.0,0.0,0.0,18841900,7671.0,0.45,0.97,31,29,新浪,2026-04-29 13:42:16,,31.0,0.0,
002458,益生股份,11.14,3.15,0.0,0.0,0.0,18338646,20314.7,-1.2,0.74,31,29,新浪,2026-04-29 13:42:16,,31.0,0.0,
603337,杰克科技,39.8,6.3,0.0,0.0,0.0,4786120,18720.5,-2.14,1.01,31,29,新浪,2026-04-29 13:42:16,,31.0,0.0,
603222,济民健康,9.68,4.76,0.0,0.0,0.0,26248179,25495.0,-2.75,1.16,31,29,新浪,2026-04-29 13:42:16,,31.0,0.0,
601112,振石股份,20.29,3.2,0.0,0.0,0.0,14707551,29575.7,-0.23,0.83,31,29,新浪,2026-04-29 13:42:16,,31.0,0.0,
605108,同庆楼,17.21,2.81,0.0,0.0,0.0,2674600,4572.5,0.4,0.6,31,29,新浪,2026-04-29 13:42:16,,31.0,0.0,
000960,锡业股份,36.02,3.12,0.0,0.0,0.0,47784906,169988.4,-0.59,0.73,31,29,新浪,2026-04-29 13:42:16,,31.0,0.0,
603311,金海高科,20.03,3.25,0.0,0.0,0.0,8266100,16520.8,1.72,0.87,31,29,新浪,2026-04-29 13:42:16,,31.0,0.0,
000600,建投能源,9.81,6.86,0.0,0.0,0.0,72351837,71424.8,-1.97,0.74,30,28,新浪,2026-04-29 13:42:16,,30.0,0.0,
600717,天津港,4.74,4.64,0.0,0.0,0.0,53464927,25419.4,-0.67,0.94,30,28,新浪,2026-04-29 13:42:16,,30.0,0.0,
000612,焦作万方,13.36,3.73,0.0,0.0,0.0,38484717,50654.9,-0.78,0.68,30,28,新浪,2026-04-29 13:42:16,,30.0,0.0,
001368,通达创智,30.59,4.72,0.0,0.0,0.0,3076300,9336.2,-0.78,0.69,30,28,新浪,2026-04-29 13:42:16,,30.0,0.0,
601231,环旭电子,40.55,4.48,0.0,0.0,0.0,42036413,170030.8,-3.94,0.66,30,28,新浪,2026-04-29 13:42:16,,30.0,0.0,
000959,首钢股份,4.68,4.0,0.0,0.0,0.0,39172414,18127.2,-1.11,0.85,30,28,新浪,2026-04-29 13:42:16,,30.0,0.0,
603381,永臻股份,23.63,5.12,0.0,0.0,0.0,4008562,9183.1,-2.84,0.62,30,28,新浪,2026-04-29 13:42:16,,30.0,0.0,
000970,中科三环,12.14,4.47,0.0,0.0,0.0,21235862,25467.1,-0.93,0.76,30,28,新浪,2026-04-29 13:42:16,,30.0,0.0,
603050,科林电气,20.18,4.83,0.0,0.0,0.0,9161125,18052.5,-1.42,0.86,30,28,新浪,2026-04-29 13:42:16,,30.0,0.0,
600821,金开新能,8.65,3.72,0.0,0.0,0.0,181125159,156560.0,-5.18,0.57,30,28,新浪,2026-04-29 13:42:16,,30.0,0.0,
600598,北大荒,16.59,4.54,0.0,0.0,0.0,40226050,65787.0,-0.65,0.79,30,28,新浪,2026-04-29 13:42:16,,30.0,0.0,
600452,涪陵电力,11.95,4.28,0.0,0.0,0.0,36884773,44082.3,-2.08,0.6,30,28,新浪,2026-04-29 13:42:16,,30.0,0.0,
002390,信邦制药,3.32,4.4,0.0,0.0,0.0,43859219,14390.5,-0.31,0.95,30,28,新浪,2026-04-29 13:42:16,,30.0,0.0,
603099,长白山,35.19,4.58,0.0,0.0,0.0,7601697,26716.9,-0.93,1.0,30,28,新浪,2026-04-29 13:42:16,,30.0,0.0,
000049,德赛电池,29.29,3.54,0.0,0.0,0.0,15543672,44939.3,-2.01,0.5,30,28,新浪,2026-04-29 13:42:16,,30.0,0.0,
600996,贵广网络,8.49,3.54,0.0,0.0,0.0,34842300,29682.2,-1.33,0.76,30,28,新浪,2026-04-29 13:42:16,,30.0,0.0,
601136,首创证券,16.93,5.61,0.0,0.0,0.0,21127872,35049.1,-0.99,0.88,30,28,新浪,2026-04-29 13:42:16,,30.0,0.0,
000503,国新健康,7.74,5.45,0.0,0.0,0.0,21320671,16419.8,-0.46,0.56,30,28,新浪,2026-04-29 13:42:16,,30.0,0.0,
002345,潮宏基,11.27,5.03,0.0,0.0,0.0,17746900,19650.2,-2.01,0.68,30,28,新浪,2026-04-29 13:42:16,,30.0,0.0,
605133,嵘泰股份,31.95,5.41,0.0,0.0,0.0,8369180,26532.2,-3.39,0.76,30,28,新浪,2026-04-29 13:42:16,,30.0,0.0,
603578,三星新材,13.72,4.18,0.0,0.0,0.0,3392998,4585.2,-0.97,0.63,30,28,新浪,2026-04-29 13:42:16,,30.0,0.0,
600076,康欣新材,3.56,5.33,0.0,0.0,0.0,27925900,9838.1,-0.3,0.78,30,28,新浪,2026-04-29 13:42:16,,30.0,0.0,
603568,伟明环保,21.34,3.59,0.0,0.0,0.0,11224237,23802.2,-1.05,0.79,30,28,新浪,2026-04-29 13:42:16,,30.0,0.0,
601958,金钼股份,19.77,6.35,0.0,0.0,0.0,33799031,65429.6,-3.03,0.66,30,28,新浪,2026-04-29 13:42:16,,30.0,0.0,
002422,科伦药业,34.21,4.94,0.0,0.0,0.0,21789478,74418.4,-0.94,0.67,30,28,新浪,2026-04-29 13:42:16,,30.0,0.0,
603367,辰欣药业,15.73,3.9,0.0,0.0,0.0,8436084,13216.1,-0.82,0.82,30,28,新浪,2026-04-29 13:42:16,,30.0,0.0,
001376,百通能源,15.45,2.73,0.0,0.0,0.0,6077200,9343.2,-1.51,1.14,29,27,新浪,2026-04-29 13:42:16,,29.0,0.0,
600211,西藏药业,41.18,2.82,0.0,0.0,0.0,4418663,18208.8,-1.36,1.16,29,27,新浪,2026-04-29 13:42:16,,29.0,0.0,
600691,潞化科技,3.38,2.74,0.0,0.0,0.0,59123275,19901.9,-0.12,0.99,29,27,新浪,2026-04-29 13:42:16,,29.0,0.0,
603758,秦安股份,12.37,2.91,0.0,0.0,0.0,3954600,4872.9,0.57,0.9,29,27,新浪,2026-04-29 13:42:16,,29.0,0.0,
600887,伊利股份,26.36,3.41,0.0,0.0,0.0,93433190,243936.7,-0.29,1.11,29,27,新浪,2026-04-29 13:42:16,,29.0,0.0,
603248,锡华科技,25.97,4.63,0.0,0.0,0.0,7870435,20233.8,-0.49,0.78,28,26,新浪,2026-04-29 13:42:16,,28.0,0.0,
600101,明星电力,9.86,3.25,0.0,0.0,0.0,22588041,22218.5,-1.72,0.54,28,26,新浪,2026-04-29 13:42:16,,28.0,0.0,
600888,新疆众和,8.75,3.18,0.0,0.0,0.0,18133422,15641.1,-0.85,0.53,28,26,新浪,2026-04-29 13:42:16,,28.0,0.0,
603305,旭升集团,15.18,5.05,0.0,0.0,0.0,29482019,44679.4,-0.72,0.75,28,26,新浪,2026-04-29 13:42:16,,28.0,0.0,
605003,众望布艺,28.22,4.52,0.0,0.0,0.0,1987700,5536.1,0.44,0.74,28,26,新浪,2026-04-29 13:42:16,,28.0,0.0,
000758,中色股份,7.03,3.23,0.0,0.0,0.0,36298924,25193.7,-0.91,0.7,28,26,新浪,2026-04-29 13:42:16,,28.0,0.0,
002780,三夫户外,16.55,9.03,0.0,0.0,0.0,18619485,30631.5,1.12,1.33,28,26,新浪,2026-04-29 13:42:16,,28.0,0.0,
002083,孚日股份,11.46,3.52,0.0,0.0,0.0,29265401,32922.8,0.07,0.66,28,26,新浪,2026-04-29 13:42:16,,28.0,0.0,
000061,农 产 品,7.44,2.76,0.0,0.0,0.0,11157948,8269.2,-1.04,0.74,28,26,新浪,2026-04-29 13:42:16,,28.0,0.0,
601311,骆驼股份,10.12,2.74,0.0,0.0,0.0,39602868,39542.9,-3.27,0.52,28,26,新浪,2026-04-29 13:42:16,,28.0,0.0,
603108,润达医疗,13.62,2.87,0.0,0.0,0.0,14815299,20350.7,-1.01,0.48,28,26,新浪,2026-04-29 13:42:16,,28.0,0.0,
000520,凤凰航运,4.0,2.83,0.0,0.0,0.0,16532400,6529.2,-2.91,1.32,28,26,新浪,2026-04-29 13:42:16,,28.0,0.0,
001218,丽臣实业,24.85,2.77,0.0,0.0,0.0,1925860,4737.2,-2.12,1.33,28,26,新浪,2026-04-29 13:42:16,,28.0,0.0,
600513,联环药业,22.3,8.41,0.0,0.0,0.0,29232175,63624.6,0.28,0.99,28,26,新浪,2026-04-29 13:42:16,,28.0,0.0,
603533,掌阅科技,25.78,2.59,0.0,0.0,0.0,12140200,31222.7,-1.93,0.57,28,26,新浪,2026-04-29 13:42:16,,28.0,0.0,
603602,纵横通信,13.0,3.26,0.0,0.0,0.0,5637225,7257.9,0.17,0.97,28,26,新浪,2026-04-29 13:42:16,,28.0,0.0,
600067,冠城新材,4.04,3.33,0.0,0.0,0.0,17537191,7008.7,-1.63,1.17,27,25,新浪,2026-04-29 13:42:16,,27.0,0.0,
603863,松炀资源,18.59,3.11,0.0,0.0,0.0,5242200,9657.3,-0.67,0.84,26,24,新浪,2026-04-29 13:42:16,,26.0,0.0,
002958,青农商行,3.08,2.67,0.0,0.0,0.0,71912074,21925.9,-0.99,0.69,26,24,新浪,2026-04-29 13:42:16,,26.0,0.0,
001380,华纬科技,19.3,2.99,0.0,0.0,0.0,1486073,2838.8,-0.47,0.88,26,24,新浪,2026-04-29 13:42:16,,26.0,0.0,
600198,大唐电信,8.21,3.4,0.0,0.0,0.0,14482703,11755.0,-0.48,0.94,26,24,新浪,2026-04-29 13:42:16,,26.0,0.0,
002441,众业达,9.99,3.1,0.0,0.0,0.0,10584162,10468.6,-0.36,0.91,26,24,新浪,2026-04-29 13:42:16,,26.0,0.0,
000729,燕京啤酒,13.23,3.04,0.0,0.0,0.0,44364069,58266.3,-0.36,0.96,26,24,新浪,2026-04-29 13:42:16,,26.0,0.0,
002264,新 华 都,8.34,3.22,0.0,0.0,0.0,19731700,16368.1,-0.66,0.94,26,24,新浪,2026-04-29 13:42:16,,26.0,0.0,
000017,深中华A,6.47,2.7,0.0,0.0,0.0,6055189,3870.2,-0.47,0.87,26,24,新浪,2026-04-29 13:42:16,,26.0,0.0,
601872,招商轮船,17.5,4.17,0.0,0.0,0.0,86073466,149548.4,-3.63,0.65,25,23,新浪,2026-04-29 13:42:16,,25.0,0.0,
600258,首旅酒店,15.95,8.14,0.0,0.0,0.0,37547920,58838.3,-1.09,0.78,25,23,新浪,2026-04-29 13:42:16,,25.0,0.0,
001896,豫能控股,16.96,7.82,0.0,0.0,0.0,207609180,348219.3,-4.39,0.61,25,23,新浪,2026-04-29 13:42:16,,25.0,0.0,
002157,正邦科技,3.3,6.11,0.0,0.0,0.0,530035244,177238.5,-3.7,0.62,25,23,新浪,2026-04-29 13:42:16,,25.0,0.0,
002517,恺英网络,18.24,5.43,0.0,0.0,0.0,83133301,150923.0,-1.66,0.71,25,23,新浪,2026-04-29 13:42:16,,25.0,0.0,
002309,中利集团,4.55,5.08,0.0,0.0,0.0,450137900,203143.9,-1.7,0.58,25,23,新浪,2026-04-29 13:42:16,,25.0,0.0,
601133,柏诚股份,22.94,4.04,0.0,0.0,0.0,21288106,48358.7,-1.66,0.94,25,23,新浪,2026-04-29 13:42:16,,25.0,0.0,
002995,天地在线,21.89,4.14,0.0,0.0,0.0,9032846,19840.9,-3.63,0.83,25,23,新浪,2026-04-29 13:42:16,,25.0,0.0,
603072,天和磁材,37.31,3.93,0.0,0.0,0.0,3682095,13594.5,-1.68,0.68,25,23,新浪,2026-04-29 13:42:16,,25.0,0.0,
603100,川仪股份,19.62,5.48,0.0,0.0,0.0,11619745,22707.4,-1.55,0.88,25,23,新浪,2026-04-29 13:42:16,,25.0,0.0,
002043,兔 宝 宝,14.81,5.94,0.0,0.0,0.0,10835818,15752.2,-2.03,0.94,25,23,新浪,2026-04-29 13:42:16,,25.0,0.0,
000681,视觉中国,20.83,5.31,0.0,0.0,0.0,26068256,53245.1,-2.22,0.8,25,23,新浪,2026-04-29 13:42:16,,25.0,0.0,
600026,中远海能,21.79,3.52,0.0,0.0,0.0,50006892,107502.3,-0.92,0.75,25,23,新浪,2026-04-29 13:42:16,,25.0,0.0,
603612,索通发展,25.77,5.18,0.0,0.0,0.0,10981300,27576.5,-3.24,0.63,25,23,新浪,2026-04-29 13:42:16,,25.0,0.0,
603373,安邦护卫,39.57,3.53,0.0,0.0,0.0,1040495,4083.2,-2.11,0.7,25,23,新浪,2026-04-29 13:42:16,,25.0,0.0,
603477,巨星农牧,18.56,6.0,0.0,0.0,0.0,20554078,37825.1,-3.57,0.64,25,23,新浪,2026-04-29 13:42:16,,25.0,0.0,
600643,爱建集团,4.82,3.66,0.0,0.0,0.0,21231798,10139.1,-2.98,0.72,25,23,新浪,2026-04-29 13:42:16,,25.0,0.0,
605388,均瑶健康,6.87,3.93,0.0,0.0,0.0,27159780,18737.1,-8.82,0.47,25,23,新浪,2026-04-29 13:42:16,,25.0,0.0,
601096,宏盛华源,5.63,4.26,0.0,0.0,0.0,31430900,17459.6,-1.84,0.82,25,23,新浪,2026-04-29 13:42:16,,25.0,0.0,
002027,分众传媒,6.4,4.92,0.0,0.0,0.0,235655935,150212.1,-1.74,0.78,25,23,新浪,2026-04-29 13:42:16,,25.0,0.0,
000048,京基智农,14.73,3.81,0.0,0.0,0.0,13520899,19791.3,-3.81,1.0,25,23,新浪,2026-04-29 13:42:16,,25.0,0.0,
600088,中视传媒,14.24,3.79,0.0,0.0,0.0,3603053,5096.6,-1.47,0.84,25,23,新浪,2026-04-29 13:42:16,,25.0,0.0,
002755,奥赛康,16.02,5.05,0.0,0.0,0.0,14912218,23455.0,-3.76,0.99,25,23,新浪,2026-04-29 13:42:16,,25.0,0.0,
600230,沧州大化,19.92,3.59,0.0,0.0,0.0,14493490,28497.4,-1.5,0.75,25,23,新浪,2026-04-29 13:42:16,,25.0,0.0,
600376,首开股份,4.43,3.5,0.0,0.0,0.0,41788091,18400.6,-2.35,0.81,25,23,新浪,2026-04-29 13:42:16,,25.0,0.0,
601975,招商南油,4.54,6.32,0.0,0.0,0.0,199253192,89480.0,-2.96,0.71,25,23,新浪,2026-04-29 13:42:16,,25.0,0.0,
600172,黄河旋风,8.29,3.75,0.0,0.0,0.0,55898819,45790.4,-1.63,0.56,25,23,新浪,2026-04-29 13:42:16,,25.0,0.0,
601155,新城控股,14.68,4.26,0.0,0.0,0.0,16416231,23814.9,-2.64,0.91,25,23,新浪,2026-04-29 13:42:16,,25.0,0.0,
001257,盛龙股份,22.61,3.95,0.0,0.0,0.0,14317601,31867.7,-4.66,0.51,25,23,新浪,2026-04-29 13:42:16,,25.0,0.0,
603778,国晟科技,26.98,6.77,0.0,0.0,0.0,51921494,137001.3,-2.03,0.57,25,23,新浪,2026-04-29 13:42:16,,25.0,0.0,
002140,东华科技,12.56,4.49,0.0,0.0,0.0,8400918,10429.6,-2.21,0.99,25,23,新浪,2026-04-29 13:42:16,,25.0,0.0,
002993,奥海科技,48.38,4.61,0.0,0.0,0.0,6935560,33560.3,-3.55,0.6,25,23,新浪,2026-04-29 13:42:16,,25.0,0.0,
002840,华统股份,12.23,3.91,0.0,0.0,0.0,30249958,36904.7,-6.39,0.99,25,23,新浪,2026-04-29 13:42:16,,25.0,0.0,
600262,北方股份,24.3,4.02,0.0,0.0,0.0,10642581,25996.9,-4.01,0.54,25,23,新浪,2026-04-29 13:42:16,,25.0,0.0,
002358,森源电气,7.5,4.31,0.0,0.0,0.0,33576400,25086.0,-2.45,0.67,25,23,新浪,2026-04-29 13:42:16,,25.0,0.0,
002640,跨境通,3.33,2.78,0.0,0.0,0.0,39209453,13027.0,-2.26,1.12,24,22,新浪,2026-04-29 13:42:16,,24.0,0.0,
001388,信通电子,37.52,3.05,0.0,0.0,0.0,1174388,4382.4,-2.77,1.04,24,22,新浪,2026-04-29 13:42:16,,24.0,0.0,
002997,瑞鹄模具,29.58,2.81,0.0,0.0,0.0,2696400,7909.1,-3.17,1.15,24,22,新浪,2026-04-29 13:42:16,,24.0,0.0,
000778,新兴铸管,4.67,3.09,0.0,0.0,0.0,73781050,34453.8,-3.9,1.08,24,22,新浪,2026-04-29 13:42:16,,24.0,0.0,
003006,百亚股份,18.79,3.35,0.0,0.0,0.0,7705749,14409.2,-2.41,0.48,23,21,新浪,2026-04-29 13:42:16,,23.0,0.0,
601609,金田股份,10.39,2.57,0.0,0.0,0.0,13956300,14357.5,-2.9,0.71,23,21,新浪,2026-04-29 13:42:16,,23.0,0.0,
000890,法尔胜,16.43,3.33,0.0,0.0,0.0,51874848,85170.4,4.05,0.77,23,21,新浪,2026-04-29 13:42:16,,23.0,0.0,
601601,中国太保,37.37,2.83,0.0,0.0,0.0,44614664,166047.5,-1.22,0.81,23,21,新浪,2026-04-29 13:42:16,,23.0,0.0,
002678,珠江钢琴,5.85,3.36,0.0,0.0,0.0,7400120,4299.4,-1.34,0.72,23,21,新浪,2026-04-29 13:42:16,,23.0,0.0,
000799,酒鬼酒,42.5,3.21,0.0,0.0,0.0,6185034,26262.1,-2.29,0.81,23,21,新浪,2026-04-29 13:42:16,,23.0,0.0,
603329,上海雅仕,11.47,9.13,0.0,0.0,0.0,17365178,19962.3,1.82,1.33,23,21,新浪,2026-04-29 13:42:16,,23.0,0.0,
002761,浙江建投,8.38,2.57,0.0,0.0,0.0,16954000,14093.5,-1.44,0.76,23,21,新浪,2026-04-29 13:42:16,,23.0,0.0,
605158,华达新材,7.67,7.72,0.0,0.0,0.0,8792900,6603.6,-0.25,0.87,23,21,新浪,2026-04-29 13:42:16,,23.0,0.0,
600419,天润乳业,9.66,2.98,0.0,0.0,0.0,4394502,4205.9,-0.11,0.78,23,21,新浪,2026-04-29 13:42:16,,23.0,0.0,
002033,丽江股份,9.75,3.39,0.0,0.0,0.0,40904288,39598.5,-3.55,0.67,23,21,新浪,2026-04-29 13:42:16,,23.0,0.0,
002807,江阴银行,4.63,2.66,0.0,0.0,0.0,58850745,27202.9,-3.21,0.91,23,21,新浪,2026-04-29 13:42:16,,23.0,0.0,
600744,华银电力,8.95,3.23,0.0,0.0,0.0,311881329,281716.4,-3.22,0.57,23,21,新浪,2026-04-29 13:42:16,,23.0,0.0,
603051,鹿山新材,22.39,2.66,0.0,0.0,0.0,2502600,5553.4,-0.89,0.74,23,21,新浪,2026-04-29 13:42:16,,23.0,0.0,
600516,方大炭素,5.53,2.98,0.0,0.0,0.0,48718575,26643.3,-1.68,0.94,23,21,新浪,2026-04-29 13:42:16,,23.0,0.0,
600459,贵研铂业,20.57,2.65,0.0,0.0,0.0,12058773,24598.1,-3.76,0.64,23,21,新浪,2026-04-29 13:42:16,,23.0,0.0,
603458,勘设股份,12.03,7.41,0.0,0.0,0.0,18647961,22087.6,-0.43,0.72,23,21,新浪,2026-04-29 13:42:16,,23.0,0.0,
001236,弘业期货,9.33,2.64,0.0,0.0,0.0,17187800,16077.2,-0.53,0.89,23,21,新浪,2026-04-29 13:42:16,,23.0,0.0,
002584,西陇科学,8.01,2.96,0.0,0.0,0.0,17064000,13604.3,-0.56,0.65,23,21,新浪,2026-04-29 13:42:16,,23.0,0.0,
002853,皮阿诺,26.72,2.97,0.0,0.0,0.0,1593658,4193.5,-4.41,0.5,23,21,新浪,2026-04-29 13:42:16,,23.0,0.0,
600103,青山纸业,4.66,2.64,0.0,0.0,0.0,183178395,85854.8,-6.64,0.53,23,21,新浪,2026-04-29 13:42:16,,23.0,0.0,
000962,东方钽业,44.54,3.05,0.0,0.0,0.0,15690837,68919.3,-4.9,0.64,23,21,新浪,2026-04-29 13:42:16,,23.0,0.0,
003010,若羽臣,30.84,2.7,0.0,0.0,0.0,6567826,20076.1,-1.41,0.7,23,21,新浪,2026-04-29 13:42:16,,23.0,0.0,
003038,鑫铂股份,14.64,2.74,0.0,0.0,0.0,3943759,5720.0,-0.59,0.92,21,20,新浪,2026-04-29 13:42:16,,21.0,0.0,
603569,长久物流,6.74,2.74,0.0,0.0,0.0,5472080,3657.2,-0.58,0.93,21,20,新浪,2026-04-29 13:42:16,,21.0,0.0,
002126,银轮股份,46.47,3.04,0.0,0.0,0.0,13923559,63576.5,-3.09,1.0,21,20,新浪,2026-04-29 13:42:16,,21.0,0.0,
000426,兴业银锡,42.98,3.09,0.0,0.0,0.0,36578195,155873.6,-0.99,0.82,21,20,新浪,2026-04-29 13:42:16,,21.0,0.0,
000002,万 科Ａ,3.86,2.93,0.0,0.0,0.0,116693659,44919.8,-2.2,0.92,18,17,新浪,2026-04-29 13:42:16,,18.0,0.0,
002771,真视通,14.91,2.69,0.0,0.0,0.0,13347893,20021.9,-6.14,0.42,18,17,新浪,2026-04-29 13:42:16,,18.0,0.0,
002183,怡 亚 通,5.8,3.02,0.0,0.0,0.0,71772111,41426.5,-2.26,0.65,18,17,新浪,2026-04-29 13:42:16,,18.0,0.0,
603007,花王股份,6.1,3.21,0.0,0.0,0.0,16318323,9867.0,-6.16,0.65,18,17,新浪,2026-04-29 13:42:16,,18.0,0.0,
000795,英洛华,9.22,3.36,0.0,0.0,0.0,13306802,12171.3,-1.51,0.61,18,17,新浪,2026-04-29 13:42:16,,18.0,0.0,
002716,湖南白银,11.39,3.45,0.0,0.0,0.0,102565734,114939.4,-4.63,0.47,18,17,新浪,2026-04-29 13:42:16,,18.0,0.0,
600793,宜宾纸业,17.9,2.75,0.0,0.0,0.0,2513800,4476.4,-2.13,0.78,18,17,新浪,2026-04-29 13:42:16,,18.0,0.0,
600711,盛屯矿业,13.83,3.21,0.0,0.0,0.0,84260267,114514.3,-2.31,0.69,18,17,新浪,2026-04-29 13:42:16,,18.0,0.0,
603687,大胜达,15.62,3.31,0.0,0.0,0.0,38653800,59635.2,-8.32,0.64,18,17,新浪,2026-04-29 13:42:16,,18.0,0.0,
002729,好利科技,18.23,2.94,0.0,0.0,0.0,5082595,9187.9,-1.49,0.87,18,17,新浪,2026-04-29 13:42:16,,18.0,0.0,
601899,紫金矿业,33.85,2.73,0.0,0.0,0.0,214818642,716562.1,-3.26,0.71,18,17,新浪,2026-04-29 13:42:16,,18.0,0.0,
000735,罗 牛 山,6.44,2.71,0.0,0.0,0.0,23270582,14887.6,-3.21,0.89,18,17,新浪,2026-04-29 13:42:16,,18.0,0.0,
002532,天山铝业,17.3,3.04,0.0,0.0,0.0,58814538,99843.0,-2.08,0.84,18,17,新浪,2026-04-29 13:42:16,,18.0,0.0,
002221,东华能源,8.2,3.27,0.0,0.0,0.0,21185321,17402.2,-4.08,0.66,18,17,新浪,2026-04-29 13:42:16,,18.0,0.0,
002567,唐人神,4.16,2.97,0.0,0.0,0.0,34402264,14315.1,-1.93,0.64,18,17,新浪,2026-04-29 13:42:16,,18.0,0.0,
002400,省广集团,8.48,2.91,0.0,0.0,0.0,52818334,44762.2,-2.7,0.73,18,17,新浪,2026-04-29 13:42:16,,18.0,0.0,
600362,江西铜业,45.77,3.37,0.0,0.0,0.0,36280652,163991.8,-1.09,0.74,18,17,新浪,2026-04-29 13:42:16,,18.0,0.0,
600651,飞乐音响,6.69,2.92,0.0,0.0,0.0,13933196,9197.5,-1.13,0.56,18,17,新浪,2026-04-29 13:42:16,,18.0,0.0,
600108,亚盛集团,4.31,3.11,0.0,0.0,0.0,48632599,20775.9,-2.85,0.59,18,17,新浪,2026-04-29 13:42:16,,18.0,0.0,
002155,湖南黄金,28.84,3.07,0.0,0.0,0.0,33636800,95640.9,-4.14,0.79,18,17,新浪,2026-04-29 13:42:16,,18.0,0.0,
000506,招金黄金,15.81,2.66,0.0,0.0,0.0,15707650,24570.5,-4.67,0.67,18,17,新浪,2026-04-29 13:42:16,,18.0,0.0,
600268,国电南自,15.11,3.0,0.0,0.0,0.0,17510048,26325.7,-3.17,0.56,18,17,新浪,2026-04-29 13:42:16,,18.0,0.0,
605069,正和生态,15.58,9.26,0.0,0.0,0.0,9843350,14887.6,2.12,0.99,18,17,新浪,2026-04-29 13:42:16,,18.0,0.0,
601999,出版传媒,7.46,2.61,0.0,0.0,0.0,7322500,5458.6,-1.99,0.75,18,17,新浪,2026-04-29 13:42:16,,18.0,0.0,
603131,上海沪工,20.44,3.39,0.0,0.0,0.0,6137258,12507.1,-3.0,0.69,18,17,新浪,2026-04-29 13:42:16,,18.0,0.0,
600489,中金黄金,25.94,2.65,0.0,0.0,0.0,49381697,127050.5,-2.2,0.78,18,17,新浪,2026-04-29 13:42:16,,18.0,0.0,
601208,东材科技,38.9,9.3,0.0,0.0,0.0,111380789,424034.5,1.83,0.99,18,17,新浪,2026-04-29 13:42:16,,18.0,0.0,
002056,横店东磁,19.01,3.15,0.0,0.0,0.0,18018790,33881.4,-2.72,0.69,18,17,新浪,2026-04-29 13:42:16,,18.0,0.0,
002009,天奇股份,23.21,2.97,0.0,0.0,0.0,14042763,32092.9,-2.68,0.56,18,17,新浪,2026-04-29 13:42:16,,18.0,0.0,
605086,龙高股份,32.5,2.98,0.0,0.0,0.0,2382079,7583.5,-4.69,0.75,18,17,新浪,2026-04-29 13:42:16,,18.0,0.0,
603598,引力传媒,20.37,2.98,0.0,0.0,0.0,7552403,15336.6,-2.58,0.55,18,17,新浪,2026-04-29 13:42:16,,18.0,0.0,
601069,西部黄金,32.11,2.85,0.0,0.0,0.0,9913200,31469.5,-2.41,0.68,18,17,新浪,2026-04-29 13:42:16,,18.0,0.0,
000850,华茂股份,4.59,2.69,0.0,0.0,0.0,11282275,5146.2,-1.31,0.64,18,17,新浪,2026-04-29 13:42:16,,18.0,0.0,
600916,中国黄金,8.92,2.77,0.0,0.0,0.0,26902449,23762.3,-1.66,0.69,18,17,新浪,2026-04-29 13:42:16,,18.0,0.0,
002011,盾安环境,11.89,3.12,0.0,0.0,0.0,13695700,16182.4,-2.19,0.82,18,17,新浪,2026-04-29 13:42:16,,18.0,0.0,
600201,生物股份,13.97,2.87,0.0,0.0,0.0,21181007,29520.4,-3.15,0.8,18,17,新浪,2026-04-29 13:42:16,,18.0,0.0,
002160,常铝股份,4.94,3.13,0.0,0.0,0.0,17028000,8314.5,-1.12,0.86,18,17,新浪,2026-04-29 13:42:16,,18.0,0.0,
002136,安 纳 达,15.2,9.2,0.0,0.0,0.0,17284900,25303.5,0.54,0.72,16,15,新浪,2026-04-29 13:42:16,,16.0,0.0,
603139,康惠股份,36.55,9.3,0.0,0.0,0.0,5578806,19984.7,-3.36,0.75,10,9,新浪,2026-04-29 13:42:16,,10.0,0.0,
000039,中集集团,12.38,9.56,0.0,0.0,0.0,77850135,93040.3,-1.34,0.57,5,4,新浪,2026-04-29 13:42:16,,5.0,0.0,
603279,景津装备,19.17,9.54,0.0,0.0,0.0,21114000,39384.1,-1.74,0.81,3,2,新浪,2026-04-29 13:42:16,,3.0,0.0,
